Price,Adj Close,Close,High,Low,Open,Volume
Ticker,GTLB,GTLB,GTLB,GTLB,GTLB,GTLB
Date,,,,,,
2021-10-14 00:00:00+00:00,103.88999938964844,103.88999938964844,105.98999786376953,93.11000061035156,94.25,8550900
2021-10-15 00:00:00+00:00,115.0,115.0,115.45999908447266,93.5,105.0,4954000
2021-10-18 00:00:00+00:00,105.5199966430664,105.5199966430664,114.48999786376953,103.01000213623047,114.3499984741211,1803400
2021-10-19 00:00:00+00:00,107.72000122070312,107.72000122070312,109.81999969482422,99.55000305175781,105.77999877929688,1498600
2021-10-20 00:00:00+00:00,105.55999755859375,105.55999755859375,110.33999633789062,100.12000274658203,110.33999633789062,2346500
2021-10-21 00:00:00+00:00,112.66999816894531,112.66999816894531,113.45999908447266,104.0,109.0,1113700
2021-10-22 00:00:00+00:00,120.02999877929688,120.02999877929688,120.97000122070312,105.5,106.16999816894531,892300
2021-10-25 00:00:00+00:00,121.9000015258789,121.9000015258789,132.34500122070312,121.54000091552734,122.95999908447266,585100
2021-10-26 00:00:00+00:00,108.94000244140625,108.94000244140625,125.36000061035156,107.83999633789062,125.25,922300
2021-10-27 00:00:00+00:00,105.20999908447266,105.20999908447266,113.5739974975586,105.19999694824219,109.0,390200
2021-10-28 00:00:00+00:00,107.80000305175781,107.80000305175781,109.90599822998047,103.12000274658203,105.5,479600
2021-10-29 00:00:00+00:00,112.19999694824219,112.19999694824219,112.51000213623047,108.01000213623047,108.25,310200
2021-11-01 00:00:00+00:00,115.72000122070312,115.72000122070312,116.72000122070312,111.51499938964844,113.6500015258789,427400
2021-11-02 00:00:00+00:00,119.01000213623047,119.01000213623047,119.61299896240234,115.72000122070312,115.72000122070312,240900
2021-11-03 00:00:00+00:00,113.75,113.75,119.5,113.0199966430664,119.0,151500
2021-11-04 00:00:00+00:00,119.02999877929688,119.02999877929688,120.87000274658203,113.91600036621094,114.37999725341797,372900
2021-11-05 00:00:00+00:00,123.54000091552734,123.54000091552734,128.0,119.5,119.5,345600
2021-11-08 00:00:00+00:00,130.8800048828125,130.8800048828125,134.3000030517578,125.52999877929688,126.0,521600
2021-11-09 00:00:00+00:00,130.80999755859375,130.80999755859375,137.0,123.62000274658203,132.0,610200
2021-11-10 00:00:00+00:00,128.66000366210938,128.66000366210938,132.99000549316406,127.0,130.77999877929688,375400
2021-11-11 00:00:00+00:00,121.73999786376953,121.73999786376953,134.0399932861328,121.12999725341797,129.97999572753906,321900
2021-11-12 00:00:00+00:00,125.0,125.0,130.27000427246094,122.76000213623047,122.94999694824219,255400
2021-11-15 00:00:00+00:00,119.55000305175781,119.55000305175781,127.56999969482422,117.01000213623047,127.41999816894531,283500
2021-11-16 00:00:00+00:00,121.62999725341797,121.62999725341797,124.33000183105469,117.5199966430664,120.0,303700
2021-11-17 00:00:00+00:00,119.05000305175781,119.05000305175781,124.27999877929688,117.5199966430664,121.0,350800
2021-11-18 00:00:00+00:00,115.55999755859375,115.55999755859375,120.80000305175781,113.26100158691406,119.0999984741211,307900
2021-11-19 00:00:00+00:00,112.01000213623047,112.01000213623047,116.41000366210938,110.5999984741211,114.52999877929688,523900
2021-11-22 00:00:00+00:00,102.55000305175781,102.55000305175781,114.98999786376953,101.68000030517578,113.0,621100
2021-11-23 00:00:00+00:00,94.79000091552734,94.79000091552734,103.47000122070312,94.51000213623047,101.91000366210938,1186000
2021-11-24 00:00:00+00:00,96.8499984741211,96.8499984741211,99.98999786376953,91.05000305175781,94.44999694824219,1071900
2021-11-26 00:00:00+00:00,95.98999786376953,95.98999786376953,98.53500366210938,93.51799774169922,96.08999633789062,418300
2021-11-29 00:00:00+00:00,100.0199966430664,100.0199966430664,100.08999633789062,94.1500015258789,96.63999938964844,502000
2021-11-30 00:00:00+00:00,96.54000091552734,96.54000091552734,101.29000091552734,93.51000213623047,100.0,683200
2021-12-01 00:00:00+00:00,89.31999969482422,89.31999969482422,99.0,88.26000213623047,98.31999969482422,947000
2021-12-02 00:00:00+00:00,91.2300033569336,91.2300033569336,94.0,87.52999877929688,90.0,404800
2021-12-03 00:00:00+00:00,88.0,88.0,93.69000244140625,82.18000030517578,92.66000366210938,617700
2021-12-06 00:00:00+00:00,89.16000366210938,89.16000366210938,91.94999694824219,83.69999694824219,89.07499694824219,804200
2021-12-07 00:00:00+00:00,81.73999786376953,81.73999786376953,89.62000274658203,77.55000305175781,89.0,2959700
2021-12-08 00:00:00+00:00,84.31999969482422,84.31999969482422,86.78199768066406,80.0,81.0,1465700
2021-12-09 00:00:00+00:00,76.91999816894531,76.91999816894531,81.4800033569336,75.0,77.50599670410156,3204200
2021-12-10 00:00:00+00:00,75.0,75.0,77.93000030517578,70.81999969482422,76.4000015258789,1649300
2021-12-13 00:00:00+00:00,72.75,72.75,75.62000274658203,72.30999755859375,74.73999786376953,996100
2021-12-14 00:00:00+00:00,77.16000366210938,77.16000366210938,78.55000305175781,70.0,71.37999725341797,1304700
2021-12-15 00:00:00+00:00,82.0999984741211,82.0999984741211,82.20999908447266,75.20600128173828,77.0,1113400
2021-12-16 00:00:00+00:00,77.11000061035156,77.11000061035156,85.25,75.05999755859375,82.0999984741211,1124000
2021-12-17 00:00:00+00:00,85.69000244140625,85.69000244140625,87.12999725341797,73.73999786376953,75.83000183105469,2413800
2021-12-20 00:00:00+00:00,92.86000061035156,92.86000061035156,93.66999816894531,82.82499694824219,84.9000015258789,1795300
2021-12-21 00:00:00+00:00,94.83999633789062,94.83999633789062,95.0,87.41999816894531,93.19999694824219,965900
2021-12-22 00:00:00+00:00,93.72000122070312,93.72000122070312,97.81999969482422,92.08999633789062,93.63999938964844,859600
2021-12-23 00:00:00+00:00,94.2699966430664,94.2699966430664,97.29499816894531,89.19000244140625,93.72000122070312,590200
2021-12-27 00:00:00+00:00,94.20999908447266,94.20999908447266,97.66000366210938,92.38999938964844,94.0,729700
2021-12-28 00:00:00+00:00,92.3499984741211,92.3499984741211,94.87999725341797,91.18000030517578,93.44999694824219,434000
2021-12-29 00:00:00+00:00,90.8499984741211,90.8499984741211,92.25499725341797,88.30000305175781,91.16000366210938,374600
2021-12-30 00:00:00+00:00,89.20999908447266,89.20999908447266,91.15499877929688,86.5199966430664,90.0,501900
2021-12-31 00:00:00+00:00,87.0,87.0,90.75,85.23999786376953,88.43000030517578,563900
2022-01-03 00:00:00+00:00,80.56999969482422,80.56999969482422,88.16999816894531,79.73999786376953,87.44999694824219,761700
2022-01-04 00:00:00+00:00,77.98999786376953,77.98999786376953,80.54000091552734,72.5,80.20999908447266,1599400
2022-01-05 00:00:00+00:00,68.87000274658203,68.87000274658203,77.0999984741211,66.77999877929688,77.01000213623047,1552800
2022-01-06 00:00:00+00:00,69.94000244140625,69.94000244140625,73.98999786376953,67.0,70.18000030517578,1180500
2022-01-07 00:00:00+00:00,70.69000244140625,70.69000244140625,74.04000091552734,68.05000305175781,69.94000244140625,503900
2022-01-10 00:00:00+00:00,72.9000015258789,72.9000015258789,73.37999725341797,65.23999786376953,69.30999755859375,1277800
2022-01-11 00:00:00+00:00,73.83999633789062,73.83999633789062,75.43299865722656,70.58000183105469,72.12999725341797,581900
2022-01-12 00:00:00+00:00,70.97000122070312,70.97000122070312,75.05999755859375,70.19999694824219,73.83999633789062,703200
2022-01-13 00:00:00+00:00,65.52999877929688,65.52999877929688,71.16000366210938,65.02999877929688,71.16000366210938,820000
2022-01-14 00:00:00+00:00,64.05999755859375,64.05999755859375,66.66999816894531,63.29999923706055,65.33999633789062,1270200
2022-01-18 00:00:00+00:00,60.220001220703125,60.220001220703125,65.05999755859375,59.939998626708984,63.0099983215332,1265900
2022-01-19 00:00:00+00:00,59.380001068115234,59.380001068115234,62.9900016784668,58.90999984741211,61.22999954223633,879200
2022-01-20 00:00:00+00:00,61.040000915527344,61.040000915527344,63.630001068115234,59.68000030517578,59.68000030517578,1126600
2022-01-21 00:00:00+00:00,59.90999984741211,59.90999984741211,61.70000076293945,56.02000045776367,60.119998931884766,1629100
2022-01-24 00:00:00+00:00,60.119998931884766,60.119998931884766,60.290000915527344,53.1349983215332,57.939998626708984,1936200
2022-01-25 00:00:00+00:00,55.70000076293945,55.70000076293945,60.95000076293945,54.13999938964844,58.11000061035156,941500
2022-01-26 00:00:00+00:00,57.7400016784668,57.7400016784668,63.9900016784668,56.63999938964844,57.25,1344600
2022-01-27 00:00:00+00:00,60.400001525878906,60.400001525878906,63.11000061035156,59.61800003051758,62.0099983215332,1324200
2022-01-28 00:00:00+00:00,60.9900016784668,60.9900016784668,62.0,56.22999954223633,60.400001525878906,1290200
2022-01-31 00:00:00+00:00,64.01000213623047,64.01000213623047,64.83999633789062,61.154998779296875,61.41999816894531,571500
2022-02-01 00:00:00+00:00,67.55999755859375,67.55999755859375,69.06999969482422,63.755001068115234,64.56700134277344,664100
2022-02-02 00:00:00+00:00,64.0199966430664,64.0199966430664,68.31999969482422,62.9900016784668,67.69999694824219,588700
2022-02-03 00:00:00+00:00,61.61000061035156,61.61000061035156,63.95000076293945,61.0099983215332,62.58000183105469,483800
2022-02-04 00:00:00+00:00,72.4000015258789,72.4000015258789,73.06999969482422,62.619998931884766,63.0,1303900
2022-02-07 00:00:00+00:00,72.20999908447266,72.20999908447266,76.05000305175781,70.50399780273438,71.69999694824219,837700
2022-02-08 00:00:00+00:00,74.4000015258789,74.4000015258789,75.0,68.76000213623047,71.4000015258789,612900
2022-02-09 00:00:00+00:00,78.69999694824219,78.69999694824219,79.20999908447266,72.1500015258789,75.0,685700
2022-02-10 00:00:00+00:00,75.9800033569336,75.9800033569336,80.83999633789062,75.41999816894531,77.41999816894531,754900
2022-02-11 00:00:00+00:00,71.9000015258789,71.9000015258789,77.87999725341797,69.98999786376953,75.8499984741211,489000
2022-02-14 00:00:00+00:00,71.55999755859375,71.55999755859375,76.29000091552734,71.4800033569336,73.08000183105469,530800
2022-02-15 00:00:00+00:00,75.5,75.5,76.4800033569336,72.38999938964844,72.77999877929688,502700
2022-02-16 00:00:00+00:00,72.91000366210938,72.91000366210938,75.19999694824219,71.625,74.33999633789062,379300
2022-02-17 00:00:00+00:00,66.80999755859375,66.80999755859375,72.83999633789062,65.04000091552734,71.8499984741211,915800
2022-02-18 00:00:00+00:00,61.279998779296875,61.279998779296875,67.70999908447266,60.209999084472656,66.48999786376953,1402800
2022-02-22 00:00:00+00:00,58.54999923706055,58.54999923706055,61.77000045776367,56.9900016784668,61.02000045776367,840400
2022-02-23 00:00:00+00:00,54.9900016784668,54.9900016784668,59.88999938964844,54.72999954223633,59.15999984741211,976500
2022-02-24 00:00:00+00:00,58.150001525878906,58.150001525878906,58.25,52.0099983215332,52.790000915527344,1035900
2022-02-25 00:00:00+00:00,56.869998931884766,56.869998931884766,58.779998779296875,53.654998779296875,58.779998779296875,964600
2022-02-28 00:00:00+00:00,58.27000045776367,58.27000045776367,60.8650016784668,55.4900016784668,56.79999923706055,857500
2022-03-01 00:00:00+00:00,54.38999938964844,54.38999938964844,58.67499923706055,52.0099983215332,57.959999084472656,1185400
2022-03-02 00:00:00+00:00,55.47999954223633,55.47999954223633,56.13999938964844,52.400001525878906,54.779998779296875,488800
2022-03-03 00:00:00+00:00,48.9900016784668,48.9900016784668,55.33000183105469,47.72999954223633,55.33000183105469,912000
2022-03-04 00:00:00+00:00,44.7400016784668,44.7400016784668,50.0,43.119998931884766,48.77000045776367,1433200
2022-03-07 00:00:00+00:00,37.849998474121094,37.849998474121094,45.7400016784668,37.80500030517578,45.29999923706055,2400600
2022-03-08 00:00:00+00:00,39.5,39.5,42.33000183105469,36.69300079345703,37.869998931884766,2215700
2022-03-09 00:00:00+00:00,40.599998474121094,40.599998474121094,43.28499984741211,40.150001525878906,41.060001373291016,703400
2022-03-10 00:00:00+00:00,39.33000183105469,39.33000183105469,40.5,36.29999923706055,39.689998626708984,1062900
2022-03-11 00:00:00+00:00,35.5,35.5,40.650001525878906,35.119998931884766,40.58000183105469,1047900
2022-03-14 00:00:00+00:00,33.099998474121094,33.099998474121094,35.34000015258789,30.739999771118164,35.119998931884766,3481900
2022-03-15 00:00:00+00:00,35.66999816894531,35.66999816894531,40.900001525878906,33.61000061035156,39.0,6260200
2022-03-16 00:00:00+00:00,42.7400016784668,42.7400016784668,47.31999969482422,36.61000061035156,37.29999923706055,4373000
2022-03-17 00:00:00+00:00,49.400001525878906,49.400001525878906,50.66999816894531,40.77000045776367,42.54999923706055,4598300
2022-03-18 00:00:00+00:00,62.790000915527344,62.790000915527344,65.2699966430664,48.099998474121094,48.099998474121094,5196200
2022-03-21 00:00:00+00:00,57.04999923706055,57.04999923706055,62.9900016784668,56.5099983215332,61.189998626708984,2378800
2022-03-22 00:00:00+00:00,56.970001220703125,56.970001220703125,60.93000030517578,55.060001373291016,57.20000076293945,1861700
2022-03-23 00:00:00+00:00,54.189998626708984,54.189998626708984,58.334999084472656,53.31999969482422,55.869998931884766,1638200
2022-03-24 00:00:00+00:00,52.7599983215332,52.7599983215332,55.7400016784668,51.61000061035156,54.79999923706055,1437300
2022-03-25 00:00:00+00:00,50.54999923706055,50.54999923706055,53.0,48.0099983215332,53.0,1816900
2022-03-28 00:00:00+00:00,53.7599983215332,53.7599983215332,55.7400016784668,49.34000015258789,50.18000030517578,2073200
2022-03-29 00:00:00+00:00,57.630001068115234,57.630001068115234,58.529998779296875,54.150001525878906,55.02000045776367,2186600
2022-03-30 00:00:00+00:00,53.900001525878906,53.900001525878906,59.5,53.16999816894531,57.560001373291016,1197100
2022-03-31 00:00:00+00:00,54.45000076293945,54.45000076293945,56.244998931884766,52.15999984741211,53.7599983215332,1115300
2022-04-01 00:00:00+00:00,54.68000030517578,54.68000030517578,57.5,52.2599983215332,54.41999816894531,1272600
2022-04-04 00:00:00+00:00,58.91999816894531,58.91999816894531,60.59000015258789,54.88999938964844,54.88999938964844,1816900
2022-04-05 00:00:00+00:00,57.290000915527344,57.290000915527344,59.59000015258789,55.0099983215332,59.52000045776367,1262600
2022-04-06 00:00:00+00:00,53.540000915527344,53.540000915527344,55.56999969482422,49.15999984741211,54.90999984741211,1741700
2022-04-07 00:00:00+00:00,49.869998931884766,49.869998931884766,55.98899841308594,49.31999969482422,53.16999816894531,1450400
2022-04-08 00:00:00+00:00,47.720001220703125,47.720001220703125,49.790000915527344,45.93000030517578,49.2400016784668,1331300
2022-04-11 00:00:00+00:00,46.349998474121094,46.349998474121094,49.01499938964844,44.15999984741211,46.31999969482422,1606800
2022-04-12 00:00:00+00:00,47.029998779296875,47.029998779296875,50.34000015258789,46.59000015258789,48.779998779296875,1644900
2022-04-13 00:00:00+00:00,50.86000061035156,50.86000061035156,51.33000183105469,46.70000076293945,47.279998779296875,1403200
2022-04-14 00:00:00+00:00,50.459999084472656,50.459999084472656,51.540000915527344,49.0,50.529998779296875,1499300
2022-04-18 00:00:00+00:00,50.5,50.5,52.39799880981445,48.2599983215332,49.36000061035156,1306300
2022-04-19 00:00:00+00:00,54.61000061035156,54.61000061035156,56.209999084472656,49.29999923706055,49.29999923706055,1739200
2022-04-20 00:00:00+00:00,54.0099983215332,54.0099983215332,55.279998779296875,51.290000915527344,54.970001220703125,1015800
2022-04-21 00:00:00+00:00,48.130001068115234,48.130001068115234,57.470001220703125,47.042999267578125,54.709999084472656,2169300
2022-04-22 00:00:00+00:00,48.15999984741211,48.15999984741211,50.04999923706055,46.470001220703125,47.56999969482422,1075900
2022-04-25 00:00:00+00:00,53.59000015258789,53.59000015258789,54.33000183105469,48.15999984741211,48.779998779296875,1562000
2022-04-26 00:00:00+00:00,50.970001220703125,50.970001220703125,53.25,49.90999984741211,53.25,1204600
2022-04-27 00:00:00+00:00,50.2599983215332,50.2599983215332,54.52000045776367,48.900001525878906,50.900001525878906,1184700
2022-04-28 00:00:00+00:00,51.34000015258789,51.34000015258789,52.45000076293945,46.060001373291016,50.540000915527344,1440500
2022-04-29 00:00:00+00:00,47.93000030517578,47.93000030517578,53.459999084472656,47.65999984741211,51.209999084472656,651800
2022-05-02 00:00:00+00:00,50.619998931884766,50.619998931884766,51.16999816894531,47.06999969482422,47.88999938964844,798500
2022-05-03 00:00:00+00:00,48.79999923706055,48.79999923706055,53.90999984741211,48.13999938964844,50.560001373291016,827000
2022-05-04 00:00:00+00:00,54.08000183105469,54.08000183105469,54.779998779296875,45.45000076293945,48.75,1337200
2022-05-05 00:00:00+00:00,47.790000915527344,47.790000915527344,53.88999938964844,46.755001068115234,51.810001373291016,1378200
2022-05-06 00:00:00+00:00,42.369998931884766,42.369998931884766,47.46500015258789,40.5,46.95000076293945,2425300
2022-05-09 00:00:00+00:00,36.91999816894531,36.91999816894531,41.900001525878906,36.11000061035156,40.75,2369000
2022-05-10 00:00:00+00:00,36.7599983215332,36.7599983215332,40.630001068115234,33.0,39.290000915527344,3761900
2022-05-11 00:00:00+00:00,34.47999954223633,34.47999954223633,37.2400016784668,34.349998474121094,35.400001525878906,2394000
2022-05-12 00:00:00+00:00,37.849998474121094,37.849998474121094,38.31999969482422,32.119998931884766,33.939998626708984,2210000
2022-05-13 00:00:00+00:00,44.540000915527344,44.540000915527344,46.369998931884766,40.099998474121094,40.22999954223633,2163100
2022-05-16 00:00:00+00:00,39.86000061035156,39.86000061035156,44.939998626708984,39.45000076293945,43.5099983215332,1613700
2022-05-17 00:00:00+00:00,40.209999084472656,40.209999084472656,41.93000030517578,36.08000183105469,41.36000061035156,1729800
2022-05-18 00:00:00+00:00,37.70000076293945,37.70000076293945,41.45000076293945,37.08000183105469,39.7400016784668,991500
2022-05-19 00:00:00+00:00,39.029998779296875,39.029998779296875,40.849998474121094,37.16400146484375,37.86000061035156,1556600
2022-05-20 00:00:00+00:00,37.75,37.75,40.36000061035156,35.10499954223633,40.099998474121094,1465900
2022-05-23 00:00:00+00:00,37.880001068115234,37.880001068115234,39.02000045776367,36.255001068115234,38.0099983215332,925900
2022-05-24 00:00:00+00:00,34.84000015258789,34.84000015258789,36.79999923706055,33.0,36.5,1002800
2022-05-25 00:00:00+00:00,37.09000015258789,37.09000015258789,37.66999816894531,34.744998931884766,34.75,1308800
2022-05-26 00:00:00+00:00,40.06999969482422,40.06999969482422,42.470001220703125,36.13999938964844,37.06999969482422,1823600
2022-05-27 00:00:00+00:00,42.939998626708984,42.939998626708984,43.2599983215332,40.06999969482422,40.65999984741211,1143100
2022-05-31 00:00:00+00:00,38.939998626708984,38.939998626708984,43.470001220703125,38.68000030517578,42.689998626708984,1800700
2022-06-01 00:00:00+00:00,38.33000183105469,38.33000183105469,41.319000244140625,38.0099983215332,39.540000915527344,808300
2022-06-02 00:00:00+00:00,44.900001525878906,44.900001525878906,44.970001220703125,38.15999984741211,38.31999969482422,1725600
2022-06-03 00:00:00+00:00,40.93000030517578,40.93000030517578,43.75,40.279998779296875,43.0099983215332,1650300
2022-06-06 00:00:00+00:00,39.84000015258789,39.84000015258789,42.54999923706055,38.75,42.25,3063300
2022-06-07 00:00:00+00:00,51.0,51.0,51.97999954223633,43.650001525878906,44.130001068115234,8332400
2022-06-08 00:00:00+00:00,50.349998474121094,50.349998474121094,54.5,49.4900016784668,51.04999923706055,2797300
2022-06-09 00:00:00+00:00,49.15999984741211,49.15999984741211,51.779998779296875,47.790000915527344,49.5,1799500
2022-06-10 00:00:00+00:00,44.95000076293945,44.95000076293945,47.810001373291016,42.81999969482422,46.86000061035156,2431400
2022-06-13 00:00:00+00:00,42.52000045776367,42.52000045776367,44.400001525878906,40.130001068115234,41.59000015258789,1985100
2022-06-14 00:00:00+00:00,45.13999938964844,45.13999938964844,45.6349983215332,41.29600143432617,42.7400016784668,1715100
2022-06-15 00:00:00+00:00,47.84000015258789,47.84000015258789,49.650001525878906,44.58000183105469,45.130001068115234,2650200
2022-06-16 00:00:00+00:00,43.93000030517578,43.93000030517578,46.560001373291016,43.150001525878906,45.08000183105469,1845800
2022-06-17 00:00:00+00:00,44.0099983215332,44.0099983215332,46.2400016784668,43.130001068115234,44.099998474121094,3670000
2022-06-21 00:00:00+00:00,46.72999954223633,46.72999954223633,47.88999938964844,44.97999954223633,44.97999954223633,1786300
2022-06-22 00:00:00+00:00,47.880001068115234,47.880001068115234,49.959999084472656,45.040000915527344,45.22999954223633,1635500
2022-06-23 00:00:00+00:00,52.93000030517578,52.93000030517578,54.060001373291016,46.2599983215332,48.25,2307300
2022-06-24 00:00:00+00:00,54.36000061035156,54.36000061035156,55.439998626708984,51.84000015258789,53.72999954223633,2104100
2022-06-27 00:00:00+00:00,53.959999084472656,53.959999084472656,57.95000076293945,52.599998474121094,57.65999984741211,1768200
2022-06-28 00:00:00+00:00,51.630001068115234,51.630001068115234,55.19499969482422,50.900001525878906,53.619998931884766,1383300
2022-06-29 00:00:00+00:00,53.41999816894531,53.41999816894531,53.63999938964844,50.029998779296875,51.130001068115234,1433700
2022-06-30 00:00:00+00:00,53.13999938964844,53.13999938964844,54.54999923706055,49.47999954223633,52.7599983215332,1690000
2022-07-01 00:00:00+00:00,54.349998474121094,54.349998474121094,55.03900146484375,51.25,52.779998779296875,1754500
2022-07-05 00:00:00+00:00,59.150001525878906,59.150001525878906,60.36000061035156,52.880001068115234,53.41999816894531,2379600
2022-07-06 00:00:00+00:00,56.0099983215332,56.0099983215332,58.02000045776367,54.72999954223633,57.709999084472656,3391300
2022-07-07 00:00:00+00:00,59.09000015258789,59.09000015258789,59.34000015258789,55.560001373291016,56.599998474121094,2271200
2022-07-08 00:00:00+00:00,57.81999969482422,57.81999969482422,59.23500061035156,54.790000915527344,57.279998779296875,1908800
2022-07-11 00:00:00+00:00,57.369998931884766,57.369998931884766,57.900001525878906,54.5,56.61000061035156,985800
2022-07-12 00:00:00+00:00,54.22999954223633,54.22999954223633,59.540000915527344,52.7400016784668,57.279998779296875,1828600
2022-07-13 00:00:00+00:00,55.720001220703125,55.720001220703125,56.599998474121094,51.540000915527344,53.06999969482422,1259800
2022-07-14 00:00:00+00:00,53.959999084472656,53.959999084472656,55.619998931884766,53.040000915527344,55.400001525878906,724000
2022-07-15 00:00:00+00:00,56.34000015258789,56.34000015258789,56.369998931884766,52.779998779296875,54.88999938964844,1231700
2022-07-18 00:00:00+00:00,58.20000076293945,58.20000076293945,59.900001525878906,57.08000183105469,57.54999923706055,1936200
2022-07-19 00:00:00+00:00,57.400001525878906,57.400001525878906,59.400001525878906,56.43000030517578,58.400001525878906,1433100
2022-07-20 00:00:00+00:00,57.5099983215332,57.5099983215332,60.821998596191406,56.7599983215332,57.5,2026000
2022-07-21 00:00:00+00:00,58.279998779296875,58.279998779296875,58.33000183105469,55.689998626708984,57.279998779296875,1183100
2022-07-22 00:00:00+00:00,57.79999923706055,57.79999923706055,59.38999938964844,56.7400016784668,58.689998626708984,1703100
2022-07-25 00:00:00+00:00,55.560001373291016,55.560001373291016,58.14400100708008,54.47100067138672,57.560001373291016,974100
2022-07-26 00:00:00+00:00,52.310001373291016,52.310001373291016,55.5099983215332,51.380001068115234,55.5099983215332,1205100
2022-07-27 00:00:00+00:00,54.970001220703125,54.970001220703125,55.13999938964844,52.63999938964844,54.040000915527344,1441500
2022-07-28 00:00:00+00:00,55.5,55.5,56.400001525878906,53.040000915527344,54.81999969482422,906600
2022-07-29 00:00:00+00:00,57.400001525878906,57.400001525878906,57.5,54.41999816894531,56.04999923706055,1023900
2022-08-01 00:00:00+00:00,58.29999923706055,58.29999923706055,60.290000915527344,55.9900016784668,56.81999969482422,1484100
2022-08-02 00:00:00+00:00,60.34000015258789,60.34000015258789,61.4900016784668,57.11000061035156,57.47999954223633,1673500
2022-08-03 00:00:00+00:00,62.720001220703125,62.720001220703125,63.494998931884766,60.150001525878906,61.314998626708984,1529600
2022-08-04 00:00:00+00:00,63.33000183105469,63.33000183105469,64.30999755859375,60.939998626708984,63.09000015258789,1327700
2022-08-05 00:00:00+00:00,65.83000183105469,65.83000183105469,66.51499938964844,61.0099983215332,61.47999954223633,1744000
2022-08-08 00:00:00+00:00,66.62000274658203,66.62000274658203,69.18000030517578,65.83999633789062,66.05999755859375,2248400
2022-08-09 00:00:00+00:00,65.47000122070312,65.47000122070312,66.23999786376953,62.81999969482422,65.09500122070312,2077500
2022-08-10 00:00:00+00:00,68.33000183105469,68.33000183105469,69.87200164794922,67.37999725341797,68.01000213623047,1350200
2022-08-11 00:00:00+00:00,68.63999938964844,68.63999938964844,70.95999908447266,67.20999908447266,69.9800033569336,2484500
2022-08-12 00:00:00+00:00,69.16000366210938,69.16000366210938,69.54000091552734,67.45999908447266,69.19999694824219,720600
2022-08-15 00:00:00+00:00,69.94000244140625,69.94000244140625,70.44999694824219,68.18000030517578,69.04000091552734,807400
2022-08-16 00:00:00+00:00,67.58999633789062,67.58999633789062,68.62000274658203,65.76499938964844,68.62000274658203,2660000
2022-08-17 00:00:00+00:00,65.12000274658203,65.12000274658203,67.16999816894531,63.744998931884766,65.62000274658203,1694100
2022-08-18 00:00:00+00:00,64.12999725341797,64.12999725341797,65.37000274658203,62.540000915527344,65.0,842400
2022-08-19 00:00:00+00:00,61.06999969482422,61.06999969482422,62.689998626708984,60.16999816894531,62.61000061035156,1008200
2022-08-22 00:00:00+00:00,59.310001373291016,59.310001373291016,60.16999816894531,57.529998779296875,59.5099983215332,1277500
2022-08-23 00:00:00+00:00,62.060001373291016,62.060001373291016,62.55500030517578,59.06999969482422,59.75,1413600
2022-08-24 00:00:00+00:00,63.560001373291016,63.560001373291016,65.30000305175781,60.974998474121094,61.86000061035156,1099000
2022-08-25 00:00:00+00:00,65.5,65.5,66.2300033569336,63.869998931884766,64.58000183105469,949100
2022-08-26 00:00:00+00:00,64.43000030517578,64.43000030517578,65.80999755859375,62.599998474121094,65.08000183105469,1010600
2022-08-29 00:00:00+00:00,62.75,62.75,64.80000305175781,62.47999954223633,62.47999954223633,1046000
2022-08-30 00:00:00+00:00,62.33000183105469,62.33000183105469,63.57400131225586,60.630001068115234,63.27000045776367,1382400
2022-08-31 00:00:00+00:00,59.869998931884766,59.869998931884766,64.48999786376953,59.599998474121094,64.4800033569336,1387300
2022-09-01 00:00:00+00:00,50.529998779296875,50.529998779296875,57.814998626708984,48.0,57.72999954223633,4326200
2022-09-02 00:00:00+00:00,48.310001373291016,48.310001373291016,51.97999954223633,47.56999969482422,51.91999816894531,2404300
2022-09-06 00:00:00+00:00,47.400001525878906,47.400001525878906,49.68600082397461,46.38999938964844,48.93000030517578,3432500
2022-09-07 00:00:00+00:00,54.15999984741211,54.15999984741211,54.36000061035156,46.70000076293945,47.959999084472656,4362400
2022-09-08 00:00:00+00:00,55.279998779296875,55.279998779296875,57.59000015258789,52.279998779296875,53.90999984741211,2423100
2022-09-09 00:00:00+00:00,57.97999954223633,57.97999954223633,58.220001220703125,55.95100021362305,55.959999084472656,1651300
2022-09-12 00:00:00+00:00,61.709999084472656,61.709999084472656,61.9900016784668,57.5099983215332,57.7599983215332,1718800
2022-09-13 00:00:00+00:00,58.22999954223633,58.22999954223633,61.28499984741211,57.959999084472656,58.459999084472656,2578300
2022-09-14 00:00:00+00:00,61.209999084472656,61.209999084472656,62.119998931884766,56.71500015258789,57.900001525878906,2047700
2022-09-15 00:00:00+00:00,60.209999084472656,60.209999084472656,61.83000183105469,58.06999969482422,59.0099983215332,3360000
2022-09-16 00:00:00+00:00,57.380001068115234,57.380001068115234,58.64400100708008,55.38999938964844,58.33000183105469,4208800
2022-09-19 00:00:00+00:00,55.290000915527344,55.290000915527344,57.0,53.68000030517578,56.11000061035156,1711000
2022-09-20 00:00:00+00:00,54.13999938964844,54.13999938964844,55.08000183105469,53.310001373291016,54.08000183105469,1479700
2022-09-21 00:00:00+00:00,55.209999084472656,55.209999084472656,57.354000091552734,53.67100143432617,54.529998779296875,2385200
2022-09-22 00:00:00+00:00,50.83000183105469,50.83000183105469,55.599998474121094,49.95000076293945,55.5,2301800
2022-09-23 00:00:00+00:00,47.900001525878906,47.900001525878906,51.150001525878906,46.779998779296875,49.599998474121094,2746800
2022-09-26 00:00:00+00:00,47.31999969482422,47.31999969482422,48.959999084472656,47.08000183105469,47.40999984741211,1339400
2022-09-27 00:00:00+00:00,50.5,50.5,51.16999816894531,48.630001068115234,49.029998779296875,1882800
2022-09-28 00:00:00+00:00,52.880001068115234,52.880001068115234,53.29999923706055,49.95000076293945,50.33000183105469,1817900
2022-09-29 00:00:00+00:00,52.529998779296875,52.529998779296875,52.88999938964844,50.72999954223633,51.31999969482422,1334700
2022-09-30 00:00:00+00:00,51.220001220703125,51.220001220703125,54.79999923706055,51.16999816894531,52.29999923706055,1240500
2022-10-03 00:00:00+00:00,51.220001220703125,51.220001220703125,52.9900016784668,50.369998931884766,51.40999984741211,1454900
2022-10-04 00:00:00+00:00,54.459999084472656,54.459999084472656,54.638999938964844,52.619998931884766,53.61000061035156,1663000
2022-10-05 00:00:00+00:00,54.36000061035156,54.36000061035156,54.75,51.7400016784668,52.810001373291016,791800
2022-10-06 00:00:00+00:00,56.7599983215332,56.7599983215332,57.09000015258789,53.459999084472656,53.459999084472656,1586100
2022-10-07 00:00:00+00:00,53.13999938964844,53.13999938964844,55.97999954223633,51.755001068115234,55.095001220703125,910200
2022-10-10 00:00:00+00:00,49.560001373291016,49.560001373291016,53.23500061035156,48.59000015258789,53.060001373291016,1130200
2022-10-11 00:00:00+00:00,48.470001220703125,48.470001220703125,49.959999084472656,47.34000015258789,49.470001220703125,1076500
2022-10-12 00:00:00+00:00,47.52000045776367,47.52000045776367,48.80500030517578,46.125,48.189998626708984,1102400
2022-10-13 00:00:00+00:00,47.599998474121094,47.599998474121094,49.040000915527344,41.66999816894531,45.0,2238000
2022-10-14 00:00:00+00:00,41.93000030517578,41.93000030517578,49.7599983215332,41.7400016784668,49.09000015258789,2754600
2022-10-17 00:00:00+00:00,45.02000045776367,45.02000045776367,46.209999084472656,43.45899963378906,44.0,1222500
2022-10-18 00:00:00+00:00,48.2599983215332,48.2599983215332,48.81999969482422,46.90999984741211,47.41999816894531,1556000
2022-10-19 00:00:00+00:00,45.47999954223633,45.47999954223633,47.630001068115234,44.540000915527344,46.83000183105469,1281900
2022-10-20 00:00:00+00:00,46.869998931884766,46.869998931884766,49.599998474121094,45.58000183105469,45.58000183105469,1208200
2022-10-21 00:00:00+00:00,48.0,48.0,48.314998626708984,43.04999923706055,46.0099983215332,1779100
2022-10-24 00:00:00+00:00,48.869998931884766,48.869998931884766,49.53499984741211,45.98500061035156,48.0,1063600
2022-10-25 00:00:00+00:00,51.130001068115234,51.130001068115234,52.38999938964844,49.57500076293945,49.650001525878906,1493600
2022-10-26 00:00:00+00:00,47.7400016784668,47.7400016784668,51.43000030517578,47.58000183105469,48.58000183105469,1407900
2022-10-27 00:00:00+00:00,49.779998779296875,49.779998779296875,51.59000015258789,48.060001373291016,48.459999084472656,1277500
2022-10-28 00:00:00+00:00,49.04999923706055,49.04999923706055,49.90999984741211,47.36000061035156,49.29999923706055,1078900
2022-10-31 00:00:00+00:00,48.459999084472656,48.459999084472656,49.93000030517578,47.560001373291016,47.959999084472656,775500
2022-11-01 00:00:00+00:00,46.7400016784668,46.7400016784668,50.150001525878906,46.279998779296875,49.83000183105469,838300
2022-11-02 00:00:00+00:00,41.88999938964844,41.88999938964844,46.45000076293945,41.619998931884766,46.45000076293945,1709900
2022-11-03 00:00:00+00:00,41.599998474121094,41.599998474121094,44.400001525878906,41.11000061035156,41.279998779296875,1210500
2022-11-04 00:00:00+00:00,36.709999084472656,36.709999084472656,40.380001068115234,34.77000045776367,38.59000015258789,4287500
2022-11-07 00:00:00+00:00,35.939998626708984,35.939998626708984,37.09000015258789,34.34000015258789,36.91999816894531,2606700
2022-11-08 00:00:00+00:00,36.439998626708984,36.439998626708984,38.13999938964844,35.11000061035156,35.880001068115234,1275000
2022-11-09 00:00:00+00:00,34.220001220703125,34.220001220703125,36.630001068115234,33.875,36.5,1541200
2022-11-10 00:00:00+00:00,42.9900016784668,42.9900016784668,43.16999816894531,36.709999084472656,37.93000030517578,4112700
2022-11-11 00:00:00+00:00,45.959999084472656,45.959999084472656,47.3849983215332,42.689998626708984,43.599998474121094,1799400
2022-11-14 00:00:00+00:00,45.2400016784668,45.2400016784668,47.20000076293945,44.59700012207031,45.32500076293945,1295800
2022-11-15 00:00:00+00:00,47.63999938964844,47.63999938964844,49.720001220703125,46.95000076293945,47.459999084472656,1408500
2022-11-16 00:00:00+00:00,43.790000915527344,43.790000915527344,48.2400016784668,43.58000183105469,47.40999984741211,1875800
2022-11-17 00:00:00+00:00,41.06999969482422,41.06999969482422,42.457000732421875,40.29999923706055,41.970001220703125,1436100
2022-11-18 00:00:00+00:00,40.060001373291016,40.060001373291016,42.987998962402344,39.45000076293945,42.810001373291016,1239900
2022-11-21 00:00:00+00:00,38.220001220703125,38.220001220703125,39.5,37.369998931884766,39.5,1567800
2022-11-22 00:00:00+00:00,37.84000015258789,37.84000015258789,38.04999923706055,36.63999938964844,38.0,1088500
2022-11-23 00:00:00+00:00,39.709999084472656,39.709999084472656,40.310001373291016,37.36000061035156,38.0,1647400
2022-11-25 00:00:00+00:00,39.400001525878906,39.400001525878906,39.84000015258789,38.880001068115234,39.18000030517578,226400
2022-11-28 00:00:00+00:00,38.849998474121094,38.849998474121094,40.0,38.630001068115234,38.66999816894531,676800
2022-11-29 00:00:00+00:00,38.38999938964844,38.38999938964844,40.189998626708984,37.900001525878906,39.61000061035156,1061700
2022-11-30 00:00:00+00:00,39.54999923706055,39.54999923706055,39.73500061035156,36.20000076293945,38.09000015258789,2129300
2022-12-01 00:00:00+00:00,42.939998626708984,42.939998626708984,43.36000061035156,39.053001403808594,39.310001373291016,2763200
2022-12-02 00:00:00+00:00,41.27000045776367,41.27000045776367,42.77000045776367,40.189998626708984,41.2400016784668,1458900
2022-12-05 00:00:00+00:00,38.33000183105469,38.33000183105469,43.15999984741211,37.61000061035156,41.220001220703125,5519300
2022-12-06 00:00:00+00:00,41.95000076293945,41.95000076293945,44.77000045776367,40.04999923706055,43.85499954223633,11580200
2022-12-07 00:00:00+00:00,42.779998779296875,42.779998779296875,43.849998474121094,41.0,42.709999084472656,3886400
2022-12-08 00:00:00+00:00,47.43000030517578,47.43000030517578,48.45000076293945,41.459999084472656,43.0,4017500
2022-12-09 00:00:00+00:00,46.369998931884766,46.369998931884766,48.70000076293945,46.029998779296875,46.5099983215332,1604700
2022-12-12 00:00:00+00:00,49.2400016784668,49.2400016784668,49.31999969482422,46.5,46.5,1887600
2022-12-13 00:00:00+00:00,49.290000915527344,49.290000915527344,52.31999969482422,48.11000061035156,51.689998626708984,4020300
2022-12-14 00:00:00+00:00,49.70000076293945,49.70000076293945,51.4900016784668,48.33000183105469,48.68000030517578,2597700
2022-12-15 00:00:00+00:00,48.83000183105469,48.83000183105469,50.5,47.880001068115234,48.04999923706055,1834200
2022-12-16 00:00:00+00:00,49.77000045776367,49.77000045776367,50.380001068115234,47.77000045776367,48.43000030517578,3018800
2022-12-19 00:00:00+00:00,45.18000030517578,45.18000030517578,49.15999984741211,44.70000076293945,49.119998931884766,2482200
2022-12-20 00:00:00+00:00,46.459999084472656,46.459999084472656,46.630001068115234,43.880001068115234,44.43000030517578,1952200
2022-12-21 00:00:00+00:00,48.130001068115234,48.130001068115234,49.04999923706055,46.0,46.459999084472656,1003600
2022-12-22 00:00:00+00:00,45.869998931884766,45.869998931884766,47.150001525878906,44.959999084472656,46.65999984741211,1194700
2022-12-23 00:00:00+00:00,46.130001068115234,46.130001068115234,46.2400016784668,43.54999923706055,45.58000183105469,957100
2022-12-27 00:00:00+00:00,43.95000076293945,43.95000076293945,45.34000015258789,43.5099983215332,45.13999938964844,1651000
2022-12-28 00:00:00+00:00,43.459999084472656,43.459999084472656,44.0,42.29999923706055,43.40999984741211,1157600
2022-12-29 00:00:00+00:00,45.95000076293945,45.95000076293945,46.439998626708984,43.52000045776367,44.20000076293945,1355000
2022-12-30 00:00:00+00:00,45.439998626708984,45.439998626708984,46.79999923706055,44.58700180053711,44.689998626708984,1108200
2023-01-03 00:00:00+00:00,43.93000030517578,43.93000030517578,46.91999816894531,43.834999084472656,46.91999816894531,1352700
2023-01-04 00:00:00+00:00,42.56999969482422,42.56999969482422,44.494998931884766,42.35499954223633,44.099998474121094,1502200
2023-01-05 00:00:00+00:00,38.209999084472656,38.209999084472656,41.65999984741211,37.810001373291016,41.65999984741211,2685000
2023-01-06 00:00:00+00:00,38.72999954223633,38.72999954223633,39.459999084472656,37.345001220703125,38.88999938964844,1620300
2023-01-09 00:00:00+00:00,40.15999984741211,40.15999984741211,42.21500015258789,39.5,39.779998779296875,1575600
2023-01-10 00:00:00+00:00,41.02000045776367,41.02000045776367,41.15999984741211,38.83000183105469,39.75,1654500
2023-01-11 00:00:00+00:00,43.45000076293945,43.45000076293945,43.63999938964844,40.709999084472656,41.38999938964844,1605100
2023-01-12 00:00:00+00:00,44.540000915527344,44.540000915527344,44.599998474121094,41.849998474121094,43.75,1480700
2023-01-13 00:00:00+00:00,44.970001220703125,44.970001220703125,45.380001068115234,43.34000015258789,43.4900016784668,1301600
2023-01-17 00:00:00+00:00,46.91999816894531,46.91999816894531,48.0,43.869998931884766,44.81999969482422,1746000
2023-01-18 00:00:00+00:00,46.560001373291016,46.560001373291016,48.70000076293945,46.41999816894531,47.75,1373000
2023-01-19 00:00:00+00:00,44.209999084472656,44.209999084472656,46.459999084472656,44.18000030517578,45.75,1256600
2023-01-20 00:00:00+00:00,46.27000045776367,46.27000045776367,46.48500061035156,43.88399887084961,44.869998931884766,1357000
2023-01-23 00:00:00+00:00,48.869998931884766,48.869998931884766,49.150001525878906,46.310001373291016,47.11000061035156,1445800
2023-01-24 00:00:00+00:00,47.349998474121094,47.349998474121094,49.38999938964844,46.400001525878906,48.119998931884766,1074400
2023-01-25 00:00:00+00:00,47.400001525878906,47.400001525878906,48.2599983215332,43.27000045776367,45.25,1273600
2023-01-26 00:00:00+00:00,49.650001525878906,49.650001525878906,50.38999938964844,47.41999816894531,49.0,1684000
2023-01-27 00:00:00+00:00,51.79999923706055,51.79999923706055,52.900001525878906,48.599998474121094,49.040000915527344,2368600
2023-01-30 00:00:00+00:00,48.630001068115234,48.630001068115234,51.029998779296875,48.43000030517578,50.43000030517578,1384500
2023-01-31 00:00:00+00:00,49.40999984741211,49.40999984741211,50.7599983215332,48.83000183105469,49.040000915527344,1237800
2023-02-01 00:00:00+00:00,54.150001525878906,54.150001525878906,54.709999084472656,49.40999984741211,49.970001220703125,1980500
2023-02-02 00:00:00+00:00,58.56999969482422,58.56999969482422,58.70000076293945,54.5,55.11000061035156,2967600
2023-02-03 00:00:00+00:00,52.20000076293945,52.20000076293945,56.0,51.599998474121094,54.150001525878906,3775300
2023-02-06 00:00:00+00:00,50.22999954223633,50.22999954223633,53.0,49.755001068115234,50.810001373291016,1427800
2023-02-07 00:00:00+00:00,52.15999984741211,52.15999984741211,52.599998474121094,48.70500183105469,50.29999923706055,2297300
2023-02-08 00:00:00+00:00,49.22999954223633,49.22999954223633,52.599998474121094,47.83000183105469,52.5,2966300
2023-02-09 00:00:00+00:00,42.30500030517578,42.30500030517578,47.63999938964844,42.18000030517578,46.70000076293945,9357600
2023-02-10 00:00:00+00:00,41.56999969482422,41.56999969482422,43.70000076293945,41.29999923706055,41.400001525878906,3115200
2023-02-13 00:00:00+00:00,43.2400016784668,43.2400016784668,44.4900016784668,41.83000183105469,42.02000045776367,2518500
2023-02-14 00:00:00+00:00,47.2599983215332,47.2599983215332,47.369998931884766,41.9900016784668,42.5,2653400
2023-02-15 00:00:00+00:00,49.22999954223633,49.22999954223633,49.529998779296875,46.29499816894531,47.25,1873600
2023-02-16 00:00:00+00:00,47.25,47.25,49.58000183105469,46.68000030517578,47.65999984741211,2031800
2023-02-17 00:00:00+00:00,45.45000076293945,45.45000076293945,46.45000076293945,44.970001220703125,46.279998779296875,1452000
2023-02-21 00:00:00+00:00,44.189998626708984,44.189998626708984,45.16999816894531,43.7400016784668,44.599998474121094,1308200
2023-02-22 00:00:00+00:00,44.31999969482422,44.31999969482422,44.650001525878906,42.77799987792969,44.27000045776367,1319700
2023-02-23 00:00:00+00:00,44.77000045776367,44.77000045776367,45.18000030517578,43.59000015258789,45.18000030517578,1081300
2023-02-24 00:00:00+00:00,43.36000061035156,43.36000061035156,44.404998779296875,42.53499984741211,43.7599983215332,838600
2023-02-27 00:00:00+00:00,43.68000030517578,43.68000030517578,44.50299835205078,43.38999938964844,44.380001068115234,697500
2023-02-28 00:00:00+00:00,44.040000915527344,44.040000915527344,44.599998474121094,43.58000183105469,43.90999984741211,1191800
2023-03-01 00:00:00+00:00,42.81999969482422,42.81999969482422,45.185001373291016,42.7400016784668,44.119998931884766,1397300
2023-03-02 00:00:00+00:00,49.97999954223633,49.97999954223633,52.9900016784668,41.84000015258789,42.43000030517578,9087600
2023-03-03 00:00:00+00:00,52.2599983215332,52.2599983215332,52.65999984741211,49.52000045776367,49.810001373291016,3009300
2023-03-06 00:00:00+00:00,51.189998626708984,51.189998626708984,53.439998626708984,50.20000076293945,53.439998626708984,1674500
2023-03-07 00:00:00+00:00,49.84000015258789,49.84000015258789,52.119998931884766,49.79999923706055,51.189998626708984,1430400
2023-03-08 00:00:00+00:00,50.029998779296875,50.029998779296875,50.63999938964844,49.26499938964844,49.7400016784668,1156400
2023-03-09 00:00:00+00:00,47.369998931884766,47.369998931884766,51.0099983215332,46.970001220703125,50.5,1585100
2023-03-10 00:00:00+00:00,44.35499954223633,44.35499954223633,46.85499954223633,42.619998931884766,46.779998779296875,2485600
2023-03-13 00:00:00+00:00,44.599998474121094,44.599998474121094,45.54999923706055,41.599998474121094,42.81999969482422,6473800
2023-03-14 00:00:00+00:00,33.959999084472656,33.959999084472656,34.310001373291016,30.920000076293945,30.979999542236328,20271200
2023-03-15 00:00:00+00:00,33.45000076293945,33.45000076293945,34.189998626708984,31.790000915527344,33.650001525878906,6141700
2023-03-16 00:00:00+00:00,35.220001220703125,35.220001220703125,36.34000015258789,34.130001068115234,34.310001373291016,5654300
2023-03-17 00:00:00+00:00,36.91999816894531,36.91999816894531,37.59000015258789,34.349998474121094,35.20000076293945,4613200
2023-03-20 00:00:00+00:00,36.25,36.25,37.7599983215332,35.540000915527344,36.564998626708984,2985700
2023-03-21 00:00:00+00:00,37.97999954223633,37.97999954223633,39.053001403808594,36.52000045776367,36.56999969482422,2208800
2023-03-22 00:00:00+00:00,36.16999816894531,36.16999816894531,37.86000061035156,35.70000076293945,37.86000061035156,3293400
2023-03-23 00:00:00+00:00,36.93000030517578,36.93000030517578,38.02000045776367,35.650001525878906,37.0,3516400
2023-03-24 00:00:00+00:00,33.7400016784668,33.7400016784668,37.099998474121094,33.4900016784668,36.81999969482422,4367300
2023-03-27 00:00:00+00:00,33.939998626708984,33.939998626708984,34.54999923706055,33.16999816894531,34.13999938964844,2583400
2023-03-28 00:00:00+00:00,33.900001525878906,33.900001525878906,34.064998626708984,32.619998931884766,33.5,2682700
2023-03-29 00:00:00+00:00,33.58000183105469,33.58000183105469,34.130001068115234,32.77000045776367,33.779998779296875,2168100
2023-03-30 00:00:00+00:00,33.0099983215332,33.0099983215332,34.369998931884766,32.90999984741211,33.959999084472656,2214200
2023-03-31 00:00:00+00:00,34.290000915527344,34.290000915527344,35.290000915527344,32.459999084472656,32.880001068115234,3356800
2023-04-03 00:00:00+00:00,34.34000015258789,34.34000015258789,34.380001068115234,33.222999572753906,33.86000061035156,2444800
2023-04-04 00:00:00+00:00,34.22999954223633,34.22999954223633,35.20000076293945,33.75,34.4900016784668,2540800
2023-04-05 00:00:00+00:00,33.34000015258789,33.34000015258789,34.150001525878906,32.5099983215332,33.97999954223633,2710900
2023-04-06 00:00:00+00:00,33.400001525878906,33.400001525878906,33.630001068115234,32.66999816894531,33.06999969482422,1698000
2023-04-10 00:00:00+00:00,33.58000183105469,33.58000183105469,33.689998626708984,32.31999969482422,32.95000076293945,2051700
2023-04-11 00:00:00+00:00,33.09000015258789,33.09000015258789,33.630001068115234,32.75,33.220001220703125,2136800
2023-04-12 00:00:00+00:00,33.869998931884766,33.869998931884766,34.77000045776367,33.48500061035156,33.599998474121094,1763600
2023-04-13 00:00:00+00:00,33.130001068115234,33.130001068115234,34.459999084472656,33.06999969482422,34.2599983215332,1732400
2023-04-14 00:00:00+00:00,32.34000015258789,32.34000015258789,32.96799850463867,31.809999465942383,32.95000076293945,3414500
2023-04-17 00:00:00+00:00,32.77000045776367,32.77000045776367,33.560001373291016,32.279998779296875,32.459999084472656,1671100
2023-04-18 00:00:00+00:00,32.91999816894531,32.91999816894531,33.290000915527344,32.130001068115234,32.900001525878906,1529200
2023-04-19 00:00:00+00:00,32.97999954223633,32.97999954223633,33.130001068115234,32.185001373291016,32.540000915527344,1555700
2023-04-20 00:00:00+00:00,32.529998779296875,32.529998779296875,32.91999816894531,32.040000915527344,32.45000076293945,1474300
2023-04-21 00:00:00+00:00,32.93000030517578,32.93000030517578,33.75,32.369998931884766,32.65999984741211,1757400
2023-04-24 00:00:00+00:00,32.540000915527344,32.540000915527344,33.0,32.15999984741211,32.81999969482422,1364100
2023-04-25 00:00:00+00:00,30.639999389648438,30.639999389648438,32.68000030517578,30.540000915527344,32.369998931884766,2243700
2023-04-26 00:00:00+00:00,30.850000381469727,30.850000381469727,32.5,30.709999084472656,31.510000228881836,2668100
2023-04-27 00:00:00+00:00,31.280000686645508,31.280000686645508,31.520000457763672,30.420000076293945,31.149999618530273,2025900
2023-04-28 00:00:00+00:00,30.360000610351562,30.360000610351562,31.15999984741211,30.020000457763672,30.93000030517578,2280700
2023-05-01 00:00:00+00:00,29.93000030517578,29.93000030517578,30.3799991607666,29.3700008392334,30.299999237060547,1905100
2023-05-02 00:00:00+00:00,29.559999465942383,29.559999465942383,30.350000381469727,29.489999771118164,29.90999984741211,1796000
2023-05-03 00:00:00+00:00,28.219999313354492,28.219999313354492,29.549999237060547,27.809999465942383,29.3799991607666,4626900
2023-05-04 00:00:00+00:00,26.770000457763672,26.770000457763672,28.360000610351562,26.239999771118164,28.260000228881836,7448500
2023-05-05 00:00:00+00:00,27.709999084472656,27.709999084472656,28.424999237060547,26.829999923706055,27.049999237060547,2687600
2023-05-08 00:00:00+00:00,30.209999084472656,30.209999084472656,30.209999084472656,28.479999542236328,28.639999389648438,2481300
2023-05-09 00:00:00+00:00,31.079999923706055,31.079999923706055,32.310001373291016,29.80900001525879,29.850000381469727,2873600
2023-05-10 00:00:00+00:00,30.299999237060547,30.299999237060547,32.0,29.774999618530273,31.600000381469727,2504100
2023-05-11 00:00:00+00:00,29.020000457763672,29.020000457763672,30.25,28.614999771118164,29.989999771118164,2958900
2023-05-12 00:00:00+00:00,28.739999771118164,28.739999771118164,29.264999389648438,28.389999389648438,29.06999969482422,1438700
2023-05-15 00:00:00+00:00,30.719999313354492,30.719999313354492,30.799999237060547,28.8799991607666,29.0,1286700
2023-05-16 00:00:00+00:00,30.329999923706055,30.329999923706055,30.825000762939453,29.899999618530273,30.43000030517578,1398000
2023-05-17 00:00:00+00:00,31.809999465942383,31.809999465942383,31.989999771118164,30.100000381469727,30.399999618530273,1373500
2023-05-18 00:00:00+00:00,32.54999923706055,32.54999923706055,32.63999938964844,31.56100082397461,31.75,1253800
2023-05-19 00:00:00+00:00,32.66999816894531,32.66999816894531,33.54999923706055,31.780000686645508,32.09000015258789,2454100
2023-05-22 00:00:00+00:00,34.619998931884766,34.619998931884766,35.505001068115234,32.66999816894531,32.849998474121094,3016300
2023-05-23 00:00:00+00:00,34.04999923706055,34.04999923706055,35.540000915527344,33.95000076293945,34.560001373291016,1362200
2023-05-24 00:00:00+00:00,34.16999816894531,34.16999816894531,34.459999084472656,33.5,33.7599983215332,1211100
2023-05-25 00:00:00+00:00,32.9900016784668,32.9900016784668,35.220001220703125,32.654998779296875,34.619998931884766,2006000
2023-05-26 00:00:00+00:00,34.650001525878906,34.650001525878906,35.33000183105469,33.060001373291016,33.209999084472656,2288000
2023-05-30 00:00:00+00:00,35.75,35.75,36.380001068115234,34.619998931884766,35.939998626708984,2173100
2023-05-31 00:00:00+00:00,36.959999084472656,36.959999084472656,37.400001525878906,35.20000076293945,35.25,3177600
2023-06-01 00:00:00+00:00,35.939998626708984,35.939998626708984,36.74599838256836,35.77000045776367,36.09000015258789,2274600
2023-06-02 00:00:00+00:00,33.72999954223633,33.72999954223633,36.709999084472656,33.54999923706055,36.5,4343400
2023-06-05 00:00:00+00:00,35.400001525878906,35.400001525878906,35.68000030517578,33.09000015258789,34.0,8063200
2023-06-06 00:00:00+00:00,46.439998626708984,46.439998626708984,47.099998474121094,42.060001373291016,45.439998626708984,20073100
2023-06-07 00:00:00+00:00,47.08000183105469,47.08000183105469,49.779998779296875,46.04999923706055,46.7599983215332,6777000
2023-06-08 00:00:00+00:00,45.86000061035156,45.86000061035156,48.20000076293945,45.29999923706055,46.43000030517578,4344600
2023-06-09 00:00:00+00:00,47.18000030517578,47.18000030517578,48.72999954223633,46.209999084472656,46.61000061035156,3197600
2023-06-12 00:00:00+00:00,49.11000061035156,49.11000061035156,49.18000030517578,46.939998626708984,47.5099983215332,2295000
2023-06-13 00:00:00+00:00,50.68000030517578,50.68000030517578,50.95000076293945,48.54999923706055,49.5,2785700
2023-06-14 00:00:00+00:00,50.810001373291016,50.810001373291016,52.380001068115234,49.439998626708984,50.224998474121094,4349100
2023-06-15 00:00:00+00:00,53.439998626708984,53.439998626708984,53.650001525878906,49.5,49.54999923706055,3496200
2023-06-16 00:00:00+00:00,51.2400016784668,51.2400016784668,53.790000915527344,50.58000183105469,53.599998474121094,3011700
2023-06-20 00:00:00+00:00,49.560001373291016,49.560001373291016,50.75,48.369998931884766,50.18199920654297,3046700
2023-06-21 00:00:00+00:00,46.779998779296875,46.779998779296875,48.599998474121094,46.2599983215332,48.439998626708984,4598900
2023-06-22 00:00:00+00:00,49.619998931884766,49.619998931884766,49.65999984741211,46.459999084472656,46.7400016784668,3006700
2023-06-23 00:00:00+00:00,48.65999984741211,48.65999984741211,50.310001373291016,48.470001220703125,49.369998931884766,6299100
2023-06-26 00:00:00+00:00,49.060001373291016,49.060001373291016,50.40999984741211,47.619998931884766,47.939998626708984,1834500
2023-06-27 00:00:00+00:00,49.18000030517578,49.18000030517578,49.95000076293945,48.54999923706055,49.709999084472656,1408500
2023-06-28 00:00:00+00:00,49.720001220703125,49.720001220703125,50.619998931884766,48.04999923706055,48.08000183105469,2060800
2023-06-29 00:00:00+00:00,49.5,49.5,51.257999420166016,48.880001068115234,49.95000076293945,2089500
2023-06-30 00:00:00+00:00,51.11000061035156,51.11000061035156,51.45000076293945,50.029998779296875,50.029998779296875,1790900
2023-07-03 00:00:00+00:00,50.75,50.75,51.689998626708984,50.34000015258789,51.29999923706055,586000
2023-07-05 00:00:00+00:00,50.68000030517578,50.68000030517578,50.939998626708984,49.650001525878906,50.2400016784668,1111600
2023-07-06 00:00:00+00:00,49.7400016784668,49.7400016784668,50.15999984741211,48.439998626708984,49.560001373291016,1328700
2023-07-07 00:00:00+00:00,48.939998626708984,48.939998626708984,50.58000183105469,48.79999923706055,50.0,1258500
2023-07-10 00:00:00+00:00,50.349998474121094,50.349998474121094,50.92499923706055,48.25,48.56999969482422,1603400
2023-07-11 00:00:00+00:00,51.119998931884766,51.119998931884766,51.9900016784668,49.880001068115234,50.72999954223633,1618200
2023-07-12 00:00:00+00:00,52.900001525878906,52.900001525878906,53.654998779296875,51.22999954223633,52.16999816894531,3039700
2023-07-13 00:00:00+00:00,54.119998931884766,54.119998931884766,54.5,53.43000030517578,53.77000045776367,1841600
2023-07-14 00:00:00+00:00,52.09000015258789,52.09000015258789,54.34000015258789,51.88999938964844,54.06999969482422,1887900
2023-07-17 00:00:00+00:00,52.9900016784668,52.9900016784668,53.939998626708984,51.099998474121094,52.34000015258789,1770800
2023-07-18 00:00:00+00:00,53.959999084472656,53.959999084472656,54.525001525878906,52.619998931884766,53.599998474121094,1682000
2023-07-19 00:00:00+00:00,52.18000030517578,52.18000030517578,54.599998474121094,52.02000045776367,52.75,3683000
2023-07-20 00:00:00+00:00,49.709999084472656,49.709999084472656,52.224998474121094,49.599998474121094,51.4900016784668,1687800
2023-07-21 00:00:00+00:00,50.0,50.0,51.395999908447266,49.75,50.119998931884766,1006400
2023-07-24 00:00:00+00:00,49.279998779296875,49.279998779296875,50.63999938964844,48.529998779296875,50.18000030517578,894300
2023-07-25 00:00:00+00:00,48.869998931884766,48.869998931884766,50.310001373291016,48.685001373291016,50.04999923706055,936700
2023-07-26 00:00:00+00:00,48.43000030517578,48.43000030517578,49.099998474121094,47.29999923706055,48.130001068115234,845500
2023-07-27 00:00:00+00:00,46.875,46.875,49.970001220703125,46.38999938964844,49.7400016784668,2359700
2023-07-28 00:00:00+00:00,47.97999954223633,47.97999954223633,49.31999969482422,47.34000015258789,48.08000183105469,980900
2023-07-31 00:00:00+00:00,49.630001068115234,49.630001068115234,50.665000915527344,48.59000015258789,48.59000015258789,1204300
2023-08-01 00:00:00+00:00,48.5,48.5,49.000999450683594,47.779998779296875,48.83000183105469,841100
2023-08-02 00:00:00+00:00,45.96500015258789,45.96500015258789,47.4900016784668,45.09000015258789,47.25,1114600
2023-08-03 00:00:00+00:00,47.04999923706055,47.04999923706055,47.18000030517578,45.599998474121094,45.689998626708984,1104000
2023-08-04 00:00:00+00:00,47.56999969482422,47.56999969482422,49.34000015258789,47.2599983215332,48.20000076293945,1197500
2023-08-07 00:00:00+00:00,47.400001525878906,47.400001525878906,47.744998931884766,45.959999084472656,47.189998626708984,1173200
2023-08-08 00:00:00+00:00,45.45000076293945,45.45000076293945,47.16999816894531,44.33000183105469,47.16999816894531,1758500
2023-08-09 00:00:00+00:00,44.4900016784668,44.4900016784668,45.595001220703125,44.0099983215332,45.380001068115234,992900
2023-08-10 00:00:00+00:00,43.47999954223633,43.47999954223633,45.20500183105469,42.97999954223633,44.66999816894531,1871500
2023-08-11 00:00:00+00:00,43.970001220703125,43.970001220703125,44.18000030517578,42.65999984741211,42.83000183105469,1078500
2023-08-14 00:00:00+00:00,45.779998779296875,45.779998779296875,46.060001373291016,43.38999938964844,44.380001068115234,1305600
2023-08-15 00:00:00+00:00,45.209999084472656,45.209999084472656,45.77000045776367,44.685001373291016,45.77000045776367,1103400
2023-08-16 00:00:00+00:00,45.40999984741211,45.40999984741211,46.209999084472656,44.58000183105469,45.189998626708984,994800
2023-08-17 00:00:00+00:00,43.0099983215332,43.0099983215332,45.36000061035156,42.66999816894531,45.36000061035156,1306800
2023-08-18 00:00:00+00:00,44.36000061035156,44.36000061035156,44.45000076293945,41.61000061035156,42.09000015258789,1214900
2023-08-21 00:00:00+00:00,44.209999084472656,44.209999084472656,45.189998626708984,43.66999816894531,44.56999969482422,914700
2023-08-22 00:00:00+00:00,44.970001220703125,44.970001220703125,45.779998779296875,44.13999938964844,44.939998626708984,1289300
2023-08-23 00:00:00+00:00,46.40999984741211,46.40999984741211,46.63999938964844,44.47999954223633,45.15999984741211,1000400
2023-08-24 00:00:00+00:00,43.95000076293945,43.95000076293945,47.08000183105469,43.880001068115234,46.939998626708984,897600
2023-08-25 00:00:00+00:00,45.189998626708984,45.189998626708984,45.33000183105469,43.58000183105469,43.869998931884766,771300
2023-08-28 00:00:00+00:00,45.06999969482422,45.06999969482422,45.720001220703125,44.57500076293945,45.279998779296875,580800
2023-08-29 00:00:00+00:00,45.9900016784668,45.9900016784668,46.650001525878906,44.75,45.099998474121094,1046700
2023-08-30 00:00:00+00:00,46.09000015258789,46.09000015258789,46.36000061035156,45.3849983215332,45.70000076293945,911300
2023-08-31 00:00:00+00:00,47.369998931884766,47.369998931884766,47.70000076293945,46.3849983215332,46.54999923706055,1241000
2023-09-01 00:00:00+00:00,49.16999816894531,49.16999816894531,49.529998779296875,47.65399932861328,48.02000045776367,2186200
2023-09-05 00:00:00+00:00,49.7400016784668,49.7400016784668,50.22999954223633,48.56999969482422,49.599998474121094,4660400
2023-09-06 00:00:00+00:00,49.9900016784668,49.9900016784668,54.380001068115234,48.66999816894531,52.13999938964844,6531000
2023-09-07 00:00:00+00:00,51.939998626708984,51.939998626708984,52.58000183105469,48.595001220703125,48.88999938964844,3096100
2023-09-08 00:00:00+00:00,52.349998474121094,52.349998474121094,53.145999908447266,50.875,51.47999954223633,2074300
2023-09-11 00:00:00+00:00,52.72999954223633,52.72999954223633,53.47999954223633,51.59000015258789,52.7400016784668,2166600
2023-09-12 00:00:00+00:00,52.349998474121094,52.349998474121094,53.928001403808594,51.93000030517578,53.630001068115234,1787100
2023-09-13 00:00:00+00:00,50.97999954223633,50.97999954223633,51.83000183105469,50.099998474121094,50.150001525878906,2862700
2023-09-14 00:00:00+00:00,49.93000030517578,49.93000030517578,51.220001220703125,49.31999969482422,50.97999954223633,3017600
2023-09-15 00:00:00+00:00,48.79999923706055,48.79999923706055,49.51499938964844,47.83000183105469,49.439998626708984,7152700
2023-09-18 00:00:00+00:00,48.09000015258789,48.09000015258789,48.43000030517578,47.529998779296875,47.900001525878906,2503100
2023-09-19 00:00:00+00:00,47.720001220703125,47.720001220703125,48.0,46.720001220703125,47.810001373291016,1527400
2023-09-20 00:00:00+00:00,47.41999816894531,47.41999816894531,49.04999923706055,47.349998474121094,47.54999923706055,1386800
2023-09-21 00:00:00+00:00,44.849998474121094,44.849998474121094,46.59000015258789,44.84000015258789,46.47999954223633,1984300
2023-09-22 00:00:00+00:00,45.0,45.0,45.395999908447266,44.31999969482422,45.06999969482422,1030600
2023-09-25 00:00:00+00:00,43.84000015258789,43.84000015258789,45.540000915527344,43.63999938964844,44.45000076293945,1742000
2023-09-26 00:00:00+00:00,42.150001525878906,42.150001525878906,44.02000045776367,41.689998626708984,43.310001373291016,2299400
2023-09-27 00:00:00+00:00,42.939998626708984,42.939998626708984,43.72999954223633,42.060001373291016,42.599998474121094,2696800
2023-09-28 00:00:00+00:00,43.9900016784668,43.9900016784668,44.900001525878906,42.15999984741211,42.61000061035156,1195400
2023-09-29 00:00:00+00:00,45.220001220703125,45.220001220703125,46.290000915527344,44.790000915527344,44.790000915527344,1433000
2023-10-02 00:00:00+00:00,46.02000045776367,46.02000045776367,46.290000915527344,44.70000076293945,45.060001373291016,1177700
2023-10-03 00:00:00+00:00,43.380001068115234,43.380001068115234,45.93000030517578,42.93000030517578,45.4900016784668,1509400
2023-10-04 00:00:00+00:00,44.7400016784668,44.7400016784668,45.029998779296875,43.88999938964844,44.310001373291016,1252400
2023-10-05 00:00:00+00:00,44.540000915527344,44.540000915527344,45.37799835205078,43.154998779296875,44.97999954223633,1249200
2023-10-06 00:00:00+00:00,46.41999816894531,46.41999816894531,46.970001220703125,43.439998626708984,43.439998626708984,1781800
2023-10-09 00:00:00+00:00,46.47999954223633,46.47999954223633,46.86000061035156,44.79999923706055,45.06999969482422,993600
2023-10-10 00:00:00+00:00,47.689998626708984,47.689998626708984,48.7400016784668,46.599998474121094,46.689998626708984,1150900
2023-10-11 00:00:00+00:00,48.34000015258789,48.34000015258789,48.7400016784668,47.77000045776367,48.04999923706055,1050500
2023-10-12 00:00:00+00:00,47.72999954223633,47.72999954223633,48.91999816894531,46.619998931884766,48.380001068115234,902500
2023-10-13 00:00:00+00:00,45.689998626708984,45.689998626708984,47.909000396728516,45.45000076293945,47.65999984741211,1163500
2023-10-16 00:00:00+00:00,46.91999816894531,46.91999816894531,47.56999969482422,45.27000045776367,45.81999969482422,1301500
2023-10-17 00:00:00+00:00,48.380001068115234,48.380001068115234,49.79999923706055,45.790000915527344,45.790000915527344,2003700
2023-10-18 00:00:00+00:00,46.540000915527344,46.540000915527344,48.77000045776367,46.1349983215332,47.91999816894531,1113400
2023-10-19 00:00:00+00:00,46.72999954223633,46.72999954223633,48.13999938964844,46.595001220703125,46.9900016784668,1022400
2023-10-20 00:00:00+00:00,44.31999969482422,44.31999969482422,46.79999923706055,43.83000183105469,46.599998474121094,1327700
2023-10-23 00:00:00+00:00,44.400001525878906,44.400001525878906,45.119998931884766,42.619998931884766,43.5,891000
2023-10-24 00:00:00+00:00,45.880001068115234,45.880001068115234,46.52000045776367,44.96500015258789,45.0,1129200
2023-10-25 00:00:00+00:00,42.29999923706055,42.29999923706055,46.084999084472656,41.970001220703125,45.93000030517578,1168500
2023-10-26 00:00:00+00:00,41.27000045776367,41.27000045776367,43.189998626708984,41.15999984741211,42.20000076293945,1606100
2023-10-27 00:00:00+00:00,42.2400016784668,42.2400016784668,42.95500183105469,41.380001068115234,41.880001068115234,1350600
2023-10-30 00:00:00+00:00,41.86000061035156,41.86000061035156,43.14500045776367,41.439998626708984,43.060001373291016,928900
2023-10-31 00:00:00+00:00,43.279998779296875,43.279998779296875,43.349998474121094,41.689998626708984,42.09000015258789,916000
2023-11-01 00:00:00+00:00,42.029998779296875,42.029998779296875,43.97999954223633,41.27000045776367,43.279998779296875,1529000
2023-11-02 00:00:00+00:00,41.650001525878906,41.650001525878906,44.45000076293945,41.560001373291016,42.70000076293945,2132500
2023-11-03 00:00:00+00:00,42.36000061035156,42.36000061035156,42.720001220703125,40.849998474121094,41.43000030517578,3046900
2023-11-06 00:00:00+00:00,41.47999954223633,41.47999954223633,43.099998474121094,40.189998626708984,42.65999984741211,1519300
2023-11-07 00:00:00+00:00,44.54999923706055,44.54999923706055,45.72999954223633,42.040000915527344,43.25,2399300
2023-11-08 00:00:00+00:00,44.7400016784668,44.7400016784668,44.95000076293945,43.59000015258789,44.58000183105469,1080000
2023-11-09 00:00:00+00:00,43.27000045776367,43.27000045776367,45.4900016784668,43.189998626708984,45.29999923706055,1245200
2023-11-10 00:00:00+00:00,44.61000061035156,44.61000061035156,44.81999969482422,43.14500045776367,43.31999969482422,902900
2023-11-13 00:00:00+00:00,45.209999084472656,45.209999084472656,45.92499923706055,44.880001068115234,45.41999816894531,936100
2023-11-14 00:00:00+00:00,48.7599983215332,48.7599983215332,49.540000915527344,46.650001525878906,47.0,2215600
2023-11-15 00:00:00+00:00,48.97999954223633,48.97999954223633,50.08000183105469,48.349998474121094,48.959999084472656,1836400
2023-11-16 00:00:00+00:00,48.54999923706055,48.54999923706055,48.779998779296875,47.029998779296875,48.369998931884766,958700
2023-11-17 00:00:00+00:00,46.810001373291016,46.810001373291016,48.04999923706055,45.95000076293945,46.38999938964844,1930400
2023-11-20 00:00:00+00:00,47.04999923706055,47.04999923706055,48.689998626708984,46.439998626708984,46.439998626708984,1485700
2023-11-21 00:00:00+00:00,46.150001525878906,46.150001525878906,46.48500061035156,44.84000015258789,46.349998474121094,1333300
2023-11-22 00:00:00+00:00,46.84000015258789,46.84000015258789,47.43000030517578,46.18000030517578,47.2400016784668,1046200
2023-11-24 00:00:00+00:00,47.04999923706055,47.04999923706055,47.150001525878906,46.0,46.5099983215332,388100
2023-11-27 00:00:00+00:00,46.47999954223633,46.47999954223633,48.189998626708984,46.47999954223633,47.09000015258789,1019900
2023-11-28 00:00:00+00:00,47.599998474121094,47.599998474121094,47.994998931884766,46.22800064086914,46.33000183105469,1213200
2023-11-29 00:00:00+00:00,48.599998474121094,48.599998474121094,49.81999969482422,47.93000030517578,48.75,1826900
2023-11-30 00:00:00+00:00,48.34000015258789,48.34000015258789,49.65999984741211,47.689998626708984,48.939998626708984,1114600
2023-12-01 00:00:00+00:00,52.470001220703125,52.470001220703125,52.86000061035156,48.70500183105469,48.880001068115234,3819800
2023-12-04 00:00:00+00:00,52.93000030517578,52.93000030517578,54.29999923706055,52.220001220703125,52.439998626708984,8275600
2023-12-05 00:00:00+00:00,58.9900016784668,58.9900016784668,61.26499938964844,55.189998626708984,59.68000030517578,19202300
2023-12-06 00:00:00+00:00,60.099998474121094,60.099998474121094,62.209999084472656,59.40999984741211,59.9900016784668,4742600
2023-12-07 00:00:00+00:00,59.06999969482422,59.06999969482422,60.5099983215332,58.06999969482422,59.599998474121094,2962600
2023-12-08 00:00:00+00:00,59.20000076293945,59.20000076293945,59.4900016784668,57.21099853515625,57.900001525878906,2642200
2023-12-11 00:00:00+00:00,59.689998626708984,59.689998626708984,60.189998626708984,58.459999084472656,59.05500030517578,2595400
2023-12-12 00:00:00+00:00,61.560001373291016,61.560001373291016,61.691001892089844,59.310001373291016,59.91999816894531,2806100
2023-12-13 00:00:00+00:00,64.72000122070312,64.72000122070312,64.88999938964844,60.939998626708984,61.650001525878906,3512100
2023-12-14 00:00:00+00:00,64.80000305175781,64.80000305175781,67.55000305175781,63.900001525878906,64.80999755859375,5156200
2023-12-15 00:00:00+00:00,62.34000015258789,62.34000015258789,64.79000091552734,61.529998779296875,64.0,5350300
2023-12-18 00:00:00+00:00,63.880001068115234,63.880001068115234,65.05000305175781,62.04999923706055,62.40999984741211,2891100
2023-12-19 00:00:00+00:00,63.83000183105469,63.83000183105469,64.19000244140625,62.70000076293945,63.779998779296875,2324300
2023-12-20 00:00:00+00:00,61.7599983215332,61.7599983215332,63.900001525878906,61.40999984741211,62.93000030517578,2207400
2023-12-21 00:00:00+00:00,63.2400016784668,63.2400016784668,64.62200164794922,62.400001525878906,63.0099983215332,1899800
2023-12-22 00:00:00+00:00,63.189998626708984,63.189998626708984,64.0,62.84000015258789,63.5099983215332,1193600
2023-12-26 00:00:00+00:00,64.47000122070312,64.47000122070312,64.97000122070312,62.4900016784668,63.0,1222200
2023-12-27 00:00:00+00:00,64.12999725341797,64.12999725341797,65.5199966430664,63.79999923706055,64.63999938964844,840300
2023-12-28 00:00:00+00:00,64.62000274658203,64.62000274658203,65.12999725341797,63.685001373291016,63.95000076293945,1000600
2023-12-29 00:00:00+00:00,62.959999084472656,62.959999084472656,64.8499984741211,62.77000045776367,64.12000274658203,1235200
2024-01-02 00:00:00+00:00,60.040000915527344,60.040000915527344,62.0,58.790000915527344,61.59000015258789,2153200
2024-01-03 00:00:00+00:00,58.349998474121094,58.349998474121094,59.9900016784668,57.744998931884766,59.310001373291016,1393700
2024-01-04 00:00:00+00:00,57.58000183105469,57.58000183105469,59.09000015258789,57.43000030517578,58.400001525878906,1638100
2024-01-05 00:00:00+00:00,57.0,57.0,58.459999084472656,56.400001525878906,57.0,1257100
2024-01-08 00:00:00+00:00,59.650001525878906,59.650001525878906,60.689998626708984,58.79999923706055,59.22999954223633,1501200
2024-01-09 00:00:00+00:00,61.290000915527344,61.290000915527344,61.849998474121094,59.06999969482422,59.06999969482422,1757900
2024-01-10 00:00:00+00:00,62.290000915527344,62.290000915527344,62.58000183105469,60.20000076293945,61.58000183105469,1542600
2024-01-11 00:00:00+00:00,62.029998779296875,62.029998779296875,62.97999954223633,60.7599983215332,62.52000045776367,1324200
2024-01-12 00:00:00+00:00,61.560001373291016,61.560001373291016,62.779998779296875,60.775001525878906,62.779998779296875,1066300
2024-01-16 00:00:00+00:00,62.72999954223633,62.72999954223633,63.65999984741211,60.779998779296875,61.0099983215332,2280600
2024-01-17 00:00:00+00:00,63.459999084472656,63.459999084472656,65.12000274658203,59.880001068115234,61.630001068115234,2852500
2024-01-18 00:00:00+00:00,65.0999984741211,65.0999984741211,66.22000122070312,63.61000061035156,65.63999938964844,3144500
2024-01-19 00:00:00+00:00,68.37000274658203,68.37000274658203,68.37000274658203,65.23999786376953,65.9000015258789,3028300
2024-01-22 00:00:00+00:00,70.29000091552734,70.29000091552734,71.91000366210938,69.29000091552734,69.87000274658203,3174600
2024-01-23 00:00:00+00:00,70.68000030517578,70.68000030517578,71.18000030517578,69.01000213623047,71.0,1842400
2024-01-24 00:00:00+00:00,68.4800033569336,68.4800033569336,71.70999908447266,66.66000366210938,71.16999816894531,3287300
2024-01-25 00:00:00+00:00,70.0,70.0,70.88999938964844,67.44999694824219,69.51000213623047,2609400
2024-01-26 00:00:00+00:00,69.41000366210938,69.41000366210938,71.12000274658203,69.05000305175781,70.02999877929688,1132300
2024-01-29 00:00:00+00:00,73.58000183105469,73.58000183105469,73.68000030517578,69.73999786376953,70.12000274658203,2942300
2024-01-30 00:00:00+00:00,74.37999725341797,74.37999725341797,75.16000366210938,73.41000366210938,73.87000274658203,2364200
2024-01-31 00:00:00+00:00,71.11000061035156,71.11000061035156,73.33999633789062,70.54000091552734,73.0999984741211,2544200
2024-02-01 00:00:00+00:00,72.33000183105469,72.33000183105469,73.19999694824219,70.87999725341797,72.25,2054000
2024-02-02 00:00:00+00:00,72.3499984741211,72.3499984741211,73.51000213623047,69.62999725341797,71.61000061035156,2171700
2024-02-05 00:00:00+00:00,71.97000122070312,71.97000122070312,73.2699966430664,70.19999694824219,72.16000366210938,1436400
2024-02-06 00:00:00+00:00,70.94999694824219,70.94999694824219,73.05000305175781,68.94999694824219,72.7699966430664,1828600
2024-02-07 00:00:00+00:00,72.75,72.75,73.8499984741211,70.54000091552734,71.5999984741211,1615400
2024-02-08 00:00:00+00:00,76.19000244140625,76.19000244140625,76.87000274658203,73.47000122070312,73.87999725341797,3086700
2024-02-09 00:00:00+00:00,77.5999984741211,77.5999984741211,78.52999877929688,76.52999877929688,77.69000244140625,2027400
2024-02-12 00:00:00+00:00,72.80000305175781,72.80000305175781,76.69499969482422,71.91999816894531,76.55999755859375,4572800
2024-02-13 00:00:00+00:00,72.62999725341797,72.62999725341797,73.83999633789062,68.05000305175781,69.88999938964844,3077100
2024-02-14 00:00:00+00:00,74.05000305175781,74.05000305175781,75.12000274658203,72.7300033569336,73.58000183105469,2128900
2024-02-15 00:00:00+00:00,74.0999984741211,74.0999984741211,75.81999969482422,73.5999984741211,74.62000274658203,2393900
2024-02-16 00:00:00+00:00,73.37000274658203,73.37000274658203,76.58000183105469,73.18000030517578,74.03500366210938,2317400
2024-02-20 00:00:00+00:00,70.18000030517578,70.18000030517578,72.83999633789062,68.37000274658203,72.63999938964844,1790600
2024-02-21 00:00:00+00:00,67.41000366210938,67.41000366210938,68.08999633789062,66.08999633789062,67.51000213623047,2647500
2024-02-22 00:00:00+00:00,69.61000061035156,69.61000061035156,70.5,68.79000091552734,70.27999877929688,1798900
2024-02-23 00:00:00+00:00,69.94000244140625,69.94000244140625,70.9219970703125,68.61000061035156,70.18000030517578,1444500
2024-02-26 00:00:00+00:00,71.11000061035156,71.11000061035156,72.44499969482422,69.54000091552734,70.72000122070312,1588400
2024-02-27 00:00:00+00:00,72.12999725341797,72.12999725341797,73.16000366210938,71.08999633789062,71.9800033569336,1533200
2024-02-28 00:00:00+00:00,72.19999694824219,72.19999694824219,72.79000091552734,70.29000091552734,71.12999725341797,1242900
2024-02-29 00:00:00+00:00,72.12000274658203,72.12000274658203,72.66000366210938,70.68499755859375,72.47000122070312,2325700
2024-03-01 00:00:00+00:00,73.30999755859375,73.30999755859375,74.05000305175781,70.41000366210938,71.55000305175781,3163800
2024-03-04 00:00:00+00:00,74.47000122070312,74.47000122070312,76.41000366210938,72.51000213623047,74.9000015258789,11406000
2024-03-05 00:00:00+00:00,58.84000015258789,58.84000015258789,66.0999984741211,58.5,60.0,22071200
2024-03-06 00:00:00+00:00,61.41999816894531,61.41999816894531,63.85100173950195,61.209999084472656,61.68000030517578,6041600
2024-03-07 00:00:00+00:00,59.08000183105469,59.08000183105469,62.619998931884766,58.47999954223633,61.779998779296875,4858500
2024-03-08 00:00:00+00:00,57.70000076293945,57.70000076293945,59.5,57.0,59.099998474121094,3485300
2024-03-11 00:00:00+00:00,56.439998626708984,56.439998626708984,57.7400016784668,56.10499954223633,57.09000015258789,3117700
2024-03-12 00:00:00+00:00,57.2400016784668,57.2400016784668,58.36000061035156,56.54999923706055,57.18000030517578,3199600
2024-03-13 00:00:00+00:00,55.66999816894531,55.66999816894531,57.16999816894531,55.59000015258789,56.529998779296875,2514700
2024-03-14 00:00:00+00:00,54.77000045776367,54.77000045776367,55.52000045776367,54.130001068115234,55.099998474121094,2545700
2024-03-15 00:00:00+00:00,53.41999816894531,53.41999816894531,54.470001220703125,53.099998474121094,54.369998931884766,4542900
2024-03-18 00:00:00+00:00,55.2400016784668,55.2400016784668,55.76499938964844,53.599998474121094,53.68000030517578,2957300
2024-03-19 00:00:00+00:00,55.58000183105469,55.58000183105469,56.15999984741211,54.400001525878906,54.5099983215332,1551000
2024-03-20 00:00:00+00:00,57.220001220703125,57.220001220703125,57.43000030517578,54.95000076293945,55.40999984741211,2347400
2024-03-21 00:00:00+00:00,59.869998931884766,59.869998931884766,60.619998931884766,57.900001525878906,58.220001220703125,4289400
2024-03-22 00:00:00+00:00,58.720001220703125,58.720001220703125,60.09000015258789,58.2400016784668,59.369998931884766,2284300
2024-03-25 00:00:00+00:00,58.79999923706055,58.79999923706055,59.060001373291016,58.220001220703125,58.68000030517578,1625500
2024-03-26 00:00:00+00:00,59.08000183105469,59.08000183105469,59.720001220703125,58.35100173950195,59.16999816894531,1520300
2024-03-27 00:00:00+00:00,58.75,58.75,59.6870002746582,57.86000061035156,59.41999816894531,1932600
2024-03-28 00:00:00+00:00,58.31999969482422,58.31999969482422,59.25,58.16999816894531,58.97999954223633,2079500
2024-04-01 00:00:00+00:00,55.54999923706055,55.54999923706055,58.58000183105469,55.52000045776367,58.16999816894531,2251900
2024-04-02 00:00:00+00:00,55.209999084472656,55.209999084472656,55.36000061035156,53.40999984741211,54.27000045776367,1865900
2024-04-03 00:00:00+00:00,56.5099983215332,56.5099983215332,56.650001525878906,54.349998474121094,54.939998626708984,1518300
2024-04-04 00:00:00+00:00,56.599998474121094,56.599998474121094,57.959999084472656,56.18000030517578,57.029998779296875,2564100
2024-04-05 00:00:00+00:00,56.380001068115234,56.380001068115234,56.470001220703125,55.099998474121094,56.0,1559100
2024-04-08 00:00:00+00:00,58.599998474121094,58.599998474121094,58.63999938964844,56.40999984741211,56.900001525878906,1183800
2024-04-09 00:00:00+00:00,59.529998779296875,59.529998779296875,59.880001068115234,58.68000030517578,59.720001220703125,1891300
2024-04-10 00:00:00+00:00,57.95000076293945,57.95000076293945,58.41999816894531,57.0,57.4900016784668,1662100
2024-04-11 00:00:00+00:00,58.11000061035156,58.11000061035156,59.279998779296875,57.54999923706055,58.58000183105469,1792400
2024-04-12 00:00:00+00:00,57.06999969482422,57.06999969482422,59.869998931884766,56.720001220703125,59.869998931884766,1288200
2024-04-15 00:00:00+00:00,53.83000183105469,53.83000183105469,57.31999969482422,53.72999954223633,57.15999984741211,1887700
2024-04-16 00:00:00+00:00,53.86000061035156,53.86000061035156,53.935001373291016,52.38999938964844,53.290000915527344,1475200
2024-04-17 00:00:00+00:00,53.5099983215332,53.5099983215332,54.97999954223633,53.349998474121094,54.0,1076300
2024-04-18 00:00:00+00:00,52.560001373291016,52.560001373291016,53.959999084472656,52.40999984741211,53.470001220703125,1545500
2024-04-19 00:00:00+00:00,51.4900016784668,51.4900016784668,52.54999923706055,50.7400016784668,52.52000045776367,1653700
2024-04-22 00:00:00+00:00,52.52000045776367,52.52000045776367,52.65999984741211,50.900001525878906,51.810001373291016,1645600
2024-04-23 00:00:00+00:00,56.08000183105469,56.08000183105469,56.439998626708984,52.880001068115234,52.880001068115234,2542000
2024-04-24 00:00:00+00:00,56.380001068115234,56.380001068115234,56.9900016784668,55.290000915527344,56.959999084472656,1647400
2024-04-25 00:00:00+00:00,56.0099983215332,56.0099983215332,56.150001525878906,54.0099983215332,54.18000030517578,1240900
2024-04-26 00:00:00+00:00,55.459999084472656,55.459999084472656,56.91999816894531,54.97999954223633,56.54999923706055,1675200
2024-04-29 00:00:00+00:00,55.349998474121094,55.349998474121094,55.939998626708984,54.86000061035156,55.599998474121094,1109700
2024-04-30 00:00:00+00:00,52.470001220703125,52.470001220703125,54.959999084472656,52.43000030517578,54.599998474121094,1696800
2024-05-01 00:00:00+00:00,53.36000061035156,53.36000061035156,54.88999938964844,51.880001068115234,53.4900016784668,1852600
2024-05-02 00:00:00+00:00,54.41999816894531,54.41999816894531,54.599998474121094,52.61000061035156,54.0099983215332,1196900
2024-05-03 00:00:00+00:00,54.540000915527344,54.540000915527344,56.369998931884766,54.09000015258789,55.75,1345800
2024-05-06 00:00:00+00:00,55.209999084472656,55.209999084472656,55.619998931884766,54.56999969482422,54.869998931884766,1029900
2024-05-07 00:00:00+00:00,53.459999084472656,53.459999084472656,54.654998779296875,52.900001525878906,54.470001220703125,2290700
2024-05-08 00:00:00+00:00,52.939998626708984,52.939998626708984,53.540000915527344,51.88999938964844,52.86000061035156,1832200
2024-05-09 00:00:00+00:00,52.90999984741211,52.90999984741211,53.540000915527344,52.290000915527344,52.90999984741211,1296500
2024-05-10 00:00:00+00:00,52.869998931884766,52.869998931884766,53.849998474121094,52.68000030517578,52.849998474121094,1467900
2024-05-13 00:00:00+00:00,53.27000045776367,53.27000045776367,54.209999084472656,52.95000076293945,52.95000076293945,1405400
2024-05-14 00:00:00+00:00,54.279998779296875,54.279998779296875,54.66999816894531,53.31999969482422,53.40999984741211,1738300
2024-05-15 00:00:00+00:00,57.099998474121094,57.099998474121094,57.310001373291016,54.404998779296875,55.5099983215332,2244500
2024-05-16 00:00:00+00:00,56.5,56.5,57.56999969482422,56.060001373291016,56.720001220703125,2550900
2024-05-17 00:00:00+00:00,56.2599983215332,56.2599983215332,56.810001373291016,55.810001373291016,56.689998626708984,1520100
2024-05-20 00:00:00+00:00,58.52000045776367,58.52000045776367,58.599998474121094,56.25,56.47999954223633,1488100
2024-05-21 00:00:00+00:00,58.16999816894531,58.16999816894531,58.69499969482422,57.939998626708984,58.29999923706055,1669300
2024-05-22 00:00:00+00:00,57.439998626708984,57.439998626708984,59.45000076293945,57.369998931884766,59.34000015258789,1023400
2024-05-23 00:00:00+00:00,56.9900016784668,56.9900016784668,58.72999954223633,56.2400016784668,58.400001525878906,1942200
2024-05-24 00:00:00+00:00,55.16999816894531,55.16999816894531,57.452999114990234,55.04999923706055,56.20000076293945,1692700
2024-05-28 00:00:00+00:00,53.5,53.5,55.400001525878906,53.209999084472656,55.25,1806900
2024-05-29 00:00:00+00:00,53.11000061035156,53.11000061035156,54.52000045776367,53.0,53.40999984741211,1785100
2024-05-30 00:00:00+00:00,48.540000915527344,48.540000915527344,52.040000915527344,48.06999969482422,52.0,3947000
2024-05-31 00:00:00+00:00,47.189998626708984,47.189998626708984,48.849998474121094,46.25,48.75,6094900
2024-06-03 00:00:00+00:00,47.06999969482422,47.06999969482422,48.91999816894531,46.61000061035156,47.900001525878906,8814200
2024-06-04 00:00:00+00:00,44.75,44.75,48.59000015258789,44.58000183105469,46.900001525878906,7906400
2024-06-05 00:00:00+00:00,44.88999938964844,44.88999938964844,45.2400016784668,43.81999969482422,45.06999969482422,4401300
2024-06-06 00:00:00+00:00,44.119998931884766,44.119998931884766,44.720001220703125,43.29999923706055,44.06999969482422,3075700
2024-06-07 00:00:00+00:00,43.59000015258789,43.59000015258789,43.869998931884766,43.15999984741211,43.58000183105469,2148800
2024-06-10 00:00:00+00:00,44.27000045776367,44.27000045776367,44.61000061035156,43.25,43.29999923706055,1973400
2024-06-11 00:00:00+00:00,43.59000015258789,43.59000015258789,44.5099983215332,43.474998474121094,44.06999969482422,1733700
2024-06-12 00:00:00+00:00,46.279998779296875,46.279998779296875,46.93000030517578,44.869998931884766,45.132999420166016,3707400
2024-06-13 00:00:00+00:00,45.22999954223633,45.22999954223633,46.959999084472656,45.04999923706055,46.91999816894531,2066700
2024-06-14 00:00:00+00:00,44.5099983215332,44.5099983215332,45.279998779296875,44.2599983215332,45.189998626708984,2482000
2024-06-17 00:00:00+00:00,43.43000030517578,43.43000030517578,44.18000030517578,43.189998626708984,44.07500076293945,2375600
2024-06-18 00:00:00+00:00,43.0099983215332,43.0099983215332,43.380001068115234,42.73099899291992,43.18000030517578,2047600
2024-06-20 00:00:00+00:00,42.900001525878906,42.900001525878906,43.20000076293945,42.2599983215332,42.95000076293945,1923000
2024-06-21 00:00:00+00:00,43.81999969482422,43.81999969482422,43.959999084472656,42.290000915527344,42.58000183105469,5742000
2024-06-24 00:00:00+00:00,44.099998474121094,44.099998474121094,44.189998626708984,43.20000076293945,43.380001068115234,2387200
2024-06-25 00:00:00+00:00,43.599998474121094,43.599998474121094,44.459999084472656,43.119998931884766,44.099998474121094,1876000
2024-06-26 00:00:00+00:00,48.560001373291016,48.560001373291016,49.959999084472656,43.939998626708984,44.279998779296875,7757800
2024-06-27 00:00:00+00:00,49.45000076293945,49.45000076293945,50.439998626708984,47.880001068115234,47.939998626708984,3828500
2024-06-28 00:00:00+00:00,49.720001220703125,49.720001220703125,49.939998626708984,48.66999816894531,49.470001220703125,4484300
2024-07-01 00:00:00+00:00,51.34000015258789,51.34000015258789,51.36000061035156,48.22999954223633,49.65999984741211,3737200
2024-07-02 00:00:00+00:00,51.75,51.75,52.349998474121094,50.720001220703125,51.36000061035156,2507200
2024-07-03 00:00:00+00:00,53.16999816894531,53.16999816894531,53.27000045776367,51.43000030517578,51.5099983215332,2069600
2024-07-05 00:00:00+00:00,52.58000183105469,52.58000183105469,53.79999923706055,52.28099822998047,53.08000183105469,1639000
2024-07-08 00:00:00+00:00,53.0,53.0,53.2599983215332,51.89099884033203,52.81999969482422,1895700
2024-07-09 00:00:00+00:00,50.209999084472656,50.209999084472656,52.869998931884766,49.15999984741211,52.779998779296875,2130600
2024-07-10 00:00:00+00:00,50.70000076293945,50.70000076293945,50.97999954223633,48.959999084472656,50.619998931884766,2525900
2024-07-11 00:00:00+00:00,52.08000183105469,52.08000183105469,52.709999084472656,50.849998474121094,51.279998779296875,2267300
2024-07-12 00:00:00+00:00,50.95000076293945,50.95000076293945,52.36000061035156,50.77000045776367,52.27000045776367,1853100
2024-07-15 00:00:00+00:00,48.439998626708984,48.439998626708984,50.220001220703125,47.65999984741211,49.75,3122700
2024-07-16 00:00:00+00:00,50.65999984741211,50.65999984741211,50.81999969482422,49.36000061035156,49.5,2057800
2024-07-17 00:00:00+00:00,55.38999938964844,55.38999938964844,56.5,53.810001373291016,56.2599983215332,8165800
2024-07-18 00:00:00+00:00,53.0099983215332,53.0099983215332,55.2599983215332,51.86000061035156,54.5,3737700
2024-07-19 00:00:00+00:00,53.56999969482422,53.56999969482422,54.47999954223633,52.81999969482422,53.4900016784668,1652100
2024-07-22 00:00:00+00:00,53.540000915527344,53.540000915527344,54.11000061035156,52.29999923706055,54.005001068115234,1521200
2024-07-23 00:00:00+00:00,55.04999923706055,55.04999923706055,56.119998931884766,54.16999816894531,54.16999816894531,2509300
2024-07-24 00:00:00+00:00,51.959999084472656,51.959999084472656,55.060001373291016,51.84000015258789,54.31999969482422,1501200
2024-07-25 00:00:00+00:00,53.439998626708984,53.439998626708984,55.380001068115234,52.13999938964844,52.5,2255700
2024-07-26 00:00:00+00:00,53.369998931884766,53.369998931884766,54.56999969482422,52.16999816894531,54.150001525878906,1518800
2024-07-29 00:00:00+00:00,52.869998931884766,52.869998931884766,53.61000061035156,52.130001068115234,53.61000061035156,1409700
2024-07-30 00:00:00+00:00,50.130001068115234,50.130001068115234,53.459999084472656,49.7400016784668,52.900001525878906,2333000
2024-07-31 00:00:00+00:00,51.22999954223633,51.22999954223633,52.06999969482422,50.380001068115234,50.95000076293945,1226600
2024-08-01 00:00:00+00:00,48.459999084472656,48.459999084472656,52.2599983215332,48.130001068115234,51.58000183105469,1690400
2024-08-02 00:00:00+00:00,47.709999084472656,47.709999084472656,47.77000045776367,45.4900016784668,46.15999984741211,2229700
2024-08-05 00:00:00+00:00,42.66999816894531,42.66999816894531,45.0099983215332,41.869998931884766,42.45000076293945,3780900
2024-08-06 00:00:00+00:00,43.040000915527344,43.040000915527344,44.10900115966797,42.30500030517578,43.189998626708984,1722000
2024-08-07 00:00:00+00:00,43.189998626708984,43.189998626708984,45.38999938964844,42.709999084472656,43.970001220703125,1594500
2024-08-08 00:00:00+00:00,40.84000015258789,40.84000015258789,43.040000915527344,40.720001220703125,42.970001220703125,3799600
2024-08-09 00:00:00+00:00,41.70000076293945,41.70000076293945,42.34000015258789,40.84000015258789,41.290000915527344,2208200
2024-08-12 00:00:00+00:00,41.9900016784668,41.9900016784668,43.220001220703125,41.630001068115234,41.86000061035156,1525200
2024-08-13 00:00:00+00:00,44.119998931884766,44.119998931884766,44.150001525878906,41.70000076293945,42.0,1598500
2024-08-14 00:00:00+00:00,42.970001220703125,42.970001220703125,44.34000015258789,42.25,44.20000076293945,1547100
2024-08-15 00:00:00+00:00,44.79999923706055,44.79999923706055,44.869998931884766,44.029998779296875,44.029998779296875,1232800
2024-08-16 00:00:00+00:00,45.40999984741211,45.40999984741211,45.72999954223633,44.25,44.40999984741211,1529000
2024-08-19 00:00:00+00:00,46.36000061035156,46.36000061035156,46.369998931884766,44.900001525878906,45.04999923706055,1000300
2024-08-20 00:00:00+00:00,46.52000045776367,46.52000045776367,47.209999084472656,46.189998626708984,46.84000015258789,1209100
2024-08-21 00:00:00+00:00,47.2599983215332,47.2599983215332,47.45000076293945,46.459999084472656,46.81999969482422,1139600
2024-08-22 00:00:00+00:00,46.119998931884766,46.119998931884766,47.1150016784668,46.04999923706055,46.93000030517578,1918500
2024-08-23 00:00:00+00:00,46.97999954223633,46.97999954223633,47.189998626708984,46.130001068115234,46.619998931884766,1034400
2024-08-26 00:00:00+00:00,47.29999923706055,47.29999923706055,47.56999969482422,46.290000915527344,46.290000915527344,978000
2024-08-27 00:00:00+00:00,47.0099983215332,47.0099983215332,47.810001373291016,46.56999969482422,47.209999084472656,758700
2024-08-28 00:00:00+00:00,46.099998474121094,46.099998474121094,47.34000015258789,45.470001220703125,46.970001220703125,1514500
2024-08-29 00:00:00+00:00,47.88999938964844,47.88999938964844,48.75,46.61000061035156,46.61000061035156,1199500
2024-08-30 00:00:00+00:00,47.400001525878906,47.400001525878906,48.380001068115234,46.43000030517578,47.970001220703125,3248700
2024-09-03 00:00:00+00:00,44.68000030517578,44.68000030517578,47.11000061035156,44.5,46.630001068115234,5198700
2024-09-04 00:00:00+00:00,54.349998474121094,54.349998474121094,54.880001068115234,50.189998626708984,50.43000030517578,13611600
2024-09-05 00:00:00+00:00,55.849998474121094,55.849998474121094,56.89899826049805,54.36000061035156,54.720001220703125,4384000
2024-09-06 00:00:00+00:00,53.09000015258789,53.09000015258789,56.029998779296875,52.86000061035156,55.75,2322400
2024-09-09 00:00:00+00:00,53.5,53.5,54.79999923706055,52.82099914550781,53.849998474121094,1765900
2024-09-10 00:00:00+00:00,56.20000076293945,56.20000076293945,56.33000183105469,53.25,53.9900016784668,2399900
2024-09-11 00:00:00+00:00,55.290000915527344,55.290000915527344,56.63999938964844,54.40999984741211,56.11000061035156,1516200
2024-09-12 00:00:00+00:00,54.150001525878906,54.150001525878906,54.54999923706055,53.119998931884766,54.41999816894531,1636100
2024-09-13 00:00:00+00:00,54.4900016784668,54.4900016784668,55.33000183105469,53.91999816894531,54.310001373291016,1464200
2024-09-16 00:00:00+00:00,52.7400016784668,52.7400016784668,54.459999084472656,52.650001525878906,54.459999084472656,2232000
2024-09-17 00:00:00+00:00,51.630001068115234,51.630001068115234,53.33000183105469,51.29999923706055,53.33000183105469,1604700
2024-09-18 00:00:00+00:00,51.16999816894531,51.16999816894531,52.470001220703125,50.540000915527344,51.119998931884766,1416200
2024-09-19 00:00:00+00:00,52.349998474121094,52.349998474121094,53.86000061035156,52.08000183105469,52.58000183105469,1901700
2024-09-20 00:00:00+00:00,52.04999923706055,52.04999923706055,52.5,51.47999954223633,51.900001525878906,2041200
2024-09-23 00:00:00+00:00,53.18000030517578,53.18000030517578,53.84199905395508,52.29899978637695,52.58000183105469,2154600
2024-09-24 00:00:00+00:00,53.09000015258789,53.09000015258789,53.790000915527344,52.52000045776367,53.45000076293945,1014200
2024-09-25 00:00:00+00:00,51.650001525878906,51.650001525878906,53.47999954223633,51.56999969482422,52.900001525878906,1111000
2024-09-26 00:00:00+00:00,51.40999984741211,51.40999984741211,52.45000076293945,50.349998474121094,52.22999954223633,1205400
2024-09-27 00:00:00+00:00,51.650001525878906,51.650001525878906,51.81999969482422,50.849998474121094,51.720001220703125,948100
2024-09-30 00:00:00+00:00,51.540000915527344,51.540000915527344,52.060001373291016,50.21500015258789,51.380001068115234,980800
2024-10-01 00:00:00+00:00,49.68000030517578,49.68000030517578,51.54999923706055,49.27299880981445,51.54999923706055,1175500
2024-10-02 00:00:00+00:00,50.22999954223633,50.22999954223633,50.540000915527344,49.529998779296875,50.040000915527344,1160200
2024-10-03 00:00:00+00:00,48.7599983215332,48.7599983215332,50.060001373291016,48.529998779296875,49.09000015258789,1155800
2024-10-04 00:00:00+00:00,50.15999984741211,50.15999984741211,50.46500015258789,48.92499923706055,49.79999923706055,1066700
2024-10-07 00:00:00+00:00,49.470001220703125,49.470001220703125,50.74800109863281,49.15999984741211,50.290000915527344,1132500
2024-10-08 00:00:00+00:00,49.970001220703125,49.970001220703125,50.279998779296875,49.029998779296875,49.58000183105469,1013400
2024-10-09 00:00:00+00:00,53.84000015258789,53.84000015258789,53.9900016784668,51.7400016784668,52.65999984741211,3680000
2024-10-10 00:00:00+00:00,54.36000061035156,54.36000061035156,55.189998626708984,53.25,53.25,1611700
2024-10-11 00:00:00+00:00,54.72999954223633,54.72999954223633,55.54999923706055,54.119998931884766,54.40999984741211,1596300
2024-10-14 00:00:00+00:00,54.970001220703125,54.970001220703125,55.38999938964844,53.7400016784668,54.959999084472656,947500
2024-10-15 00:00:00+00:00,54.41999816894531,54.41999816894531,55.20000076293945,54.029998779296875,55.0,857100
2024-10-16 00:00:00+00:00,54.349998474121094,54.349998474121094,54.75,53.5,54.75,839700
2024-10-17 00:00:00+00:00,54.43000030517578,54.43000030517578,55.09000015258789,53.84000015258789,54.279998779296875,1060700
2024-10-18 00:00:00+00:00,55.34000015258789,55.34000015258789,56.60499954223633,54.33000183105469,55.189998626708984,1992100
2024-10-21 00:00:00+00:00,55.43000030517578,55.43000030517578,57.900001525878906,55.16999816894531,57.16999816894531,1783300
2024-10-22 00:00:00+00:00,54.849998474121094,54.849998474121094,55.20000076293945,53.8849983215332,55.20000076293945,1589300
2024-10-23 00:00:00+00:00,53.060001373291016,53.060001373291016,54.619998931884766,52.439998626708984,54.54999923706055,1063800
2024-10-24 00:00:00+00:00,55.63999938964844,55.63999938964844,56.58000183105469,53.814998626708984,53.93000030517578,1824000
2024-10-25 00:00:00+00:00,55.119998931884766,55.119998931884766,56.93000030517578,54.77000045776367,56.0,946800
2024-10-28 00:00:00+00:00,53.880001068115234,53.880001068115234,55.9900016784668,53.709999084472656,55.529998779296875,1279100
2024-10-29 00:00:00+00:00,54.72999954223633,54.72999954223633,55.72999954223633,53.590999603271484,53.95000076293945,902200
2024-10-30 00:00:00+00:00,54.560001373291016,54.560001373291016,55.650001525878906,54.209999084472656,55.369998931884766,1204200
2024-10-31 00:00:00+00:00,53.75,53.75,54.91999816894531,53.279998779296875,54.5,1072300
2024-11-01 00:00:00+00:00,56.939998626708984,56.939998626708984,57.34000015258789,54.814998626708984,55.72999954223633,2165300
2024-11-04 00:00:00+00:00,55.9900016784668,55.9900016784668,56.939998626708984,55.08000183105469,56.939998626708984,1171600
2024-11-05 00:00:00+00:00,56.41999816894531,56.41999816894531,56.9900016784668,55.439998626708984,55.45000076293945,854100
2024-11-06 00:00:00+00:00,60.209999084472656,60.209999084472656,60.68000030517578,57.93000030517578,57.93000030517578,2609900
2024-11-07 00:00:00+00:00,61.189998626708984,61.189998626708984,61.65999984741211,59.150001525878906,60.09000015258789,1555800
2024-11-08 00:00:00+00:00,60.5,60.5,61.040000915527344,58.720001220703125,60.599998474121094,1195200
2024-11-11 00:00:00+00:00,60.150001525878906,60.150001525878906,62.582000732421875,60.0,61.959999084472656,2535100
2024-11-12 00:00:00+00:00,59.95000076293945,59.95000076293945,60.5,59.0,59.72999954223633,1027700
2024-11-13 00:00:00+00:00,60.93000030517578,60.93000030517578,63.34000015258789,60.150001525878906,60.150001525878906,1987500
2024-11-14 00:00:00+00:00,61.73500061035156,61.73500061035156,61.75,59.390499114990234,60.58000183105469,315984
