Price,Close,High,Low,Open,Volume
Ticker,DJT,DJT,DJT,DJT,DJT
Date,,,,,
2021-09-30,9.949999809265137,17.329999923706055,9.899999618530273,16.0,296100
2021-10-01,9.9399995803833,11.0,9.90999984741211,10.0,153100
2021-10-04,9.920000076293945,10.050000190734863,9.899999618530273,9.920000076293945,24300
2021-10-05,9.928000450134277,10.020000457763672,9.906999588012695,10.020000457763672,8100
2021-10-06,9.920000076293945,9.9399995803833,9.84000015258789,9.899999618530273,18600
2021-10-07,9.967000007629395,9.979999542236328,9.9399995803833,9.9399995803833,634800
2021-10-08,9.949999809265137,9.949999809265137,9.9399995803833,9.9399995803833,5200
2021-10-11,9.949999809265137,9.960000038146973,9.9399995803833,9.9399995803833,18400
2021-10-12,9.970000267028809,9.970000267028809,9.949999809265137,9.949999809265137,3200
2021-10-13,9.960000038146973,10.050000190734863,9.960000038146973,10.050000190734863,2300
2021-10-14,9.970000267028809,9.979999542236328,9.960000038146973,9.970000267028809,42900
2021-10-15,9.960000038146973,9.96500015258789,9.949999809265137,9.960000038146973,1800
2021-10-18,9.968999862670898,9.968999862670898,9.949999809265137,9.949999809265137,1100
2021-10-19,10.010000228881836,10.010000228881836,9.949999809265137,9.970000267028809,49900
2021-10-20,9.960000038146973,10.039999961853027,9.949999809265137,10.039999961853027,697900
2021-10-21,45.5,52.0,12.619999885559082,12.729999542236328,498782500
2021-10-22,94.19999694824219,175.0,67.95999908447266,118.79499816894531,133395800
2021-10-25,83.86000061035156,121.80000305175781,82.45099639892578,120.30999755859375,65128600
2021-10-26,59.06999969482422,91.3499984741211,55.5,87.0999984741211,40572100
2021-10-27,64.88999938964844,74.0,52.77000045776367,60.0,47453700
2021-10-28,72.76000213623047,77.5,65.5999984741211,70.48999786376953,33194400
2021-10-29,67.75,74.80999755859375,66.01000213623047,70.36000061035156,19851100
2021-11-01,60.81999969482422,69.12999725341797,60.5,66.33000183105469,10735300
2021-11-02,64.95999908447266,68.0,54.54999923706055,59.900001525878906,17122300
2021-11-03,63.25,69.87000274658203,61.369998931884766,65.19999694824219,9232900
2021-11-04,58.84000015258789,64.86000061035156,56.5,63.5099983215332,5940300
2021-11-05,56.560001373291016,59.0,56.25,58.619998931884766,3783700
2021-11-08,59.849998474121094,62.47999954223633,56.77000045776367,58.0,6951200
2021-11-09,57.29999923706055,60.2400016784668,56.79999923706055,59.71500015258789,2306300
2021-11-10,58.29999923706055,61.720001220703125,55.04999923706055,56.900001525878906,5042700
2021-11-11,58.08000183105469,59.0,57.11000061035156,58.540000915527344,1939100
2021-11-12,59.18000030517578,65.0,57.43000030517578,58.369998931884766,9841500
2021-11-15,59.900001525878906,61.79999923706055,58.5,60.0,2818400
2021-11-16,59.9900016784668,63.5,59.45000076293945,59.709999084472656,5020900
2021-11-17,58.5,60.959999084472656,58.25,60.22999954223633,1776500
2021-11-18,56.20000076293945,59.540000915527344,55.220001220703125,58.099998474121094,2900100
2021-11-19,51.209999084472656,57.189998626708984,50.349998474121094,56.20000076293945,4082100
2021-11-22,44.849998474121094,51.47999954223633,43.599998474121094,51.04899978637695,4838200
2021-11-23,39.47999954223633,45.65999984741211,38.060001373291016,44.279998779296875,3992800
2021-11-24,43.150001525878906,45.40999984741211,38.029998779296875,39.189998626708984,4235900
2021-11-26,43.099998474121094,46.70000076293945,37.172000885009766,40.70000076293945,2211200
2021-11-29,42.7400016784668,44.20000076293945,41.5099983215332,43.459999084472656,1393400
2021-11-30,41.38999938964844,43.66999816894531,39.77000045776367,41.630001068115234,1570100
2021-12-01,44.349998474121094,44.349998474121094,36.689998626708984,41.459999084472656,6514100
2021-12-02,47.11000061035156,53.970001220703125,44.599998474121094,52.15999984741211,15731900
2021-12-03,44.970001220703125,46.88999938964844,41.5099983215332,46.630001068115234,3240400
2021-12-06,43.810001373291016,49.459999084472656,41.2599983215332,49.104000091552734,6728300
2021-12-07,51.06999969482422,51.09000015258789,45.209999084472656,45.849998474121094,8167100
2021-12-08,65.41999816894531,66.30999755859375,48.5,51.45000076293945,28608300
2021-12-09,56.54999923706055,65.29000091552734,55.720001220703125,62.86000061035156,10194800
2021-12-10,56.02000045776367,60.97999954223633,55.06999969482422,59.08000183105469,5983100
2021-12-13,50.4900016784668,57.27000045776367,50.0,56.91999816894531,4055800
2021-12-14,49.83000183105469,50.75,47.900001525878906,48.720001220703125,3122600
2021-12-15,53.47999954223633,53.970001220703125,49.77000045776367,52.68000030517578,3159500
2021-12-16,51.33000183105469,54.33000183105469,50.099998474121094,53.5,1828200
2021-12-17,50.060001373291016,52.29999923706055,49.0,50.0099983215332,1578800
2021-12-20,50.630001068115234,53.766998291015625,48.779998779296875,49.02000045776367,2425200
2021-12-21,50.630001068115234,52.31999969482422,49.529998779296875,51.5,1376200
2021-12-22,52.04999923706055,53.970001220703125,50.4900016784668,50.65999984741211,2881600
2021-12-23,53.099998474121094,54.66999816894531,51.641998291015625,52.11000061035156,1987100
2021-12-27,52.959999084472656,54.736000061035156,52.25,53.5,1676900
2021-12-28,52.45000076293945,53.959999084472656,52.29999923706055,52.89099884033203,1370200
2021-12-29,50.65999984741211,52.9900016784668,50.5,52.25,1043600
2021-12-30,51.90999984741211,52.31999969482422,50.38999938964844,50.900001525878906,1364000
2021-12-31,51.43000030517578,54.7599983215332,51.150001525878906,51.900001525878906,2224700
2022-01-03,51.70000076293945,52.68000030517578,51.349998474121094,51.400001525878906,1029200
2022-01-04,52.22999954223633,52.70000076293945,51.20000076293945,52.0,1127900
2022-01-05,50.369998931884766,52.099998474121094,50.0099983215332,52.0,1149100
2022-01-06,60.27000045776367,61.849998474121094,45.20199966430664,50.47999954223633,10941700
2022-01-07,53.97999954223633,57.86000061035156,53.5,56.290000915527344,6245000
2022-01-10,55.90999984741211,60.150001525878906,51.06999969482422,53.5,7807500
2022-01-11,63.79999923706055,66.19000244140625,55.029998779296875,56.45000076293945,15790500
2022-01-12,71.26000213623047,71.80999755859375,62.130001068115234,64.0999984741211,16691000
2022-01-13,67.61000061035156,74.47000122070312,66.25,70.25,13468700
2022-01-14,70.87999725341797,72.44999694824219,67.0,67.3499984741211,8816700
2022-01-18,86.30999755859375,90.23999786376953,72.43000030517578,73.1500015258789,23708800
2022-01-19,77.44999694824219,91.49700164794922,77.36000061035156,91.05999755859375,17543800
2022-01-20,80.54000091552734,87.0,77.75,80.2699966430664,12408900
2022-01-21,73.12000274658203,83.5,71.37000274658203,81.62000274658203,8173800
2022-01-24,67.20999908447266,69.5199966430664,60.0,66.76000213623047,7226900
2022-01-25,68.9800033569336,73.6500015258789,64.80000305175781,66.80000305175781,6097500
2022-01-26,69.38999938964844,73.4000015258789,66.80999755859375,71.83000183105469,5006900
2022-01-27,66.43000030517578,71.62999725341797,65.0,70.35099792480469,2579800
2022-01-28,68.75,69.69999694824219,63.599998474121094,66.25,2467400
2022-01-31,73.06999969482422,75.5,70.23999786376953,70.73999786376953,5006000
2022-02-01,83.25,84.62000274658203,71.13600158691406,73.5,9719600
2022-02-02,79.83000183105469,83.36000061035156,76.58999633789062,82.91999816894531,6868300
2022-02-03,81.08999633789062,86.8499984741211,75.19999694824219,76.01000213623047,8724500
2022-02-04,84.44999694824219,86.31999969482422,80.69999694824219,81.08999633789062,8884200
2022-02-07,83.87999725341797,97.1500015258789,80.58000183105469,87.0199966430664,21193200
2022-02-08,84.55999755859375,86.73999786376953,77.5,82.5999984741211,8601200
2022-02-09,83.4000015258789,87.43000030517578,80.55000305175781,85.16000366210938,5367600
2022-02-10,82.87999725341797,85.12000274658203,81.48999786376953,81.97899627685547,2768500
2022-02-11,82.0,84.91999816894531,79.0,82.26000213623047,3332300
2022-02-14,79.94999694824219,82.19999694824219,77.75,80.83000183105469,2667500
2022-02-15,81.1500015258789,82.25,79.30999755859375,80.23999786376953,2701200
2022-02-16,85.16000366210938,87.5,81.70999908447266,83.5,6001400
2022-02-17,85.48999786376953,90.19999694824219,82.25,85.19999694824219,7479000
2022-02-18,84.31999969482422,86.9000015258789,81.75,86.0,2730900
2022-02-22,92.9000015258789,99.02999877929688,85.6500015258789,98.16000366210938,19824800
2022-02-23,88.5,91.6500015258789,86.26000213623047,89.80000305175781,4784800
2022-02-24,87.31999969482422,87.7699966430664,78.5,79.0199966430664,4704500
2022-02-25,89.47000122070312,93.44000244140625,86.75,88.62999725341797,3884900
2022-02-28,92.05000305175781,92.80000305175781,88.19999694824219,90.23999786376953,3575600
2022-03-01,95.0999984741211,96.2020034790039,91.0,91.91000366210938,4082800
2022-03-02,95.1500015258789,101.87000274658203,92.41000366210938,96.69000244140625,8893400
2022-03-03,97.25,100.22000122070312,95.0,96.7699966430664,4557800
2022-03-04,97.54000091552734,98.73999786376953,93.58999633789062,97.59500122070312,3396800
2022-03-07,83.33999633789062,96.58999633789062,81.77400207519531,95.76000213623047,4432900
2022-03-08,75.12999725341797,85.30000305175781,70.7699966430664,83.5,5085400
2022-03-09,75.73999786376953,80.0,74.71399688720703,77.87999725341797,2299300
2022-03-10,70.29000091552734,76.4800033569336,67.9000015258789,74.54000091552734,2881200
2022-03-11,71.37000274658203,73.3499984741211,68.51000213623047,71.0,2272900
2022-03-14,61.9900016784668,70.5999984741211,60.31999969482422,70.11000061035156,3509400
2022-03-15,66.30000305175781,66.55000305175781,61.04999923706055,62.0099983215332,2489800
2022-03-16,68.0,69.75,64.45999908447266,68.12000274658203,2569500
2022-03-17,67.80000305175781,68.47000122070312,65.81999969482422,66.56999969482422,1034100
2022-03-18,71.47000122070312,72.77999877929688,65.83999633789062,67.0,3358100
2022-03-21,68.91000366210938,71.5,67.11000061035156,70.0,2135000
2022-03-22,71.0,72.27999877929688,68.11000061035156,68.38999938964844,2295700
2022-03-23,71.25,74.33000183105469,70.0,70.0,1749000
2022-03-24,72.52999877929688,74.84300231933594,71.0999984741211,71.5,1426700
2022-03-25,71.5,73.93000030517578,69.22000122070312,72.0,1568600
2022-03-28,70.12000274658203,70.80999755859375,69.0199966430664,70.44999694824219,1137000
2022-03-29,69.80999755859375,71.0,67.0999984741211,69.79000091552734,1754500
2022-03-30,68.47000122070312,69.69999694824219,68.2699966430664,69.0199966430664,749500
2022-03-31,64.51000213623047,68.9800033569336,64.2699966430664,68.16000366210938,1550500
2022-04-01,63.25,64.1500015258789,59.0,60.59000015258789,2654300
2022-04-04,56.939998626708984,58.599998474121094,54.04999923706055,54.5,4760200
2022-04-05,48.0,53.959999084472656,46.650001525878906,52.130001068115234,6868300
2022-04-06,47.5,48.18000030517578,43.0099983215332,45.11000061035156,4167600
2022-04-07,48.0099983215332,50.95000076293945,46.540000915527344,46.7599983215332,2004700
2022-04-08,46.290000915527344,48.39500045776367,45.33000183105469,47.720001220703125,1026200
2022-04-11,45.45000076293945,47.28900146484375,44.595001220703125,46.83000183105469,1512100
2022-04-12,48.130001068115234,50.5,44.25,44.900001525878906,4798100
2022-04-13,49.040000915527344,51.0,47.209999084472656,47.66999816894531,2206400
2022-04-14,49.400001525878906,50.25,46.400001525878906,46.900001525878906,2302800
2022-04-18,47.599998474121094,50.75,46.540000915527344,49.779998779296875,1368400
2022-04-19,48.810001373291016,49.97999954223633,46.75,46.75,1295700
2022-04-20,45.90999984741211,48.4900016784668,44.59000015258789,47.9900016784668,1584400
2022-04-21,37.959999084472656,46.20000076293945,37.68000030517578,45.15999984741211,3411100
2022-04-22,41.0,42.59000015258789,39.31999969482422,39.66999816894531,2063900
2022-04-25,35.709999084472656,41.290000915527344,33.25,39.630001068115234,7126900
2022-04-26,40.79999923706055,42.290000915527344,35.810001373291016,36.70000076293945,5494300
2022-04-27,44.54999923706055,50.5,41.75,42.869998931884766,9681900
2022-04-28,48.060001373291016,49.599998474121094,45.75,47.36000061035156,4837600
2022-04-29,52.38999938964844,53.959999084472656,49.2599983215332,53.900001525878906,6250300
2022-05-02,47.90999984741211,53.18000030517578,47.150001525878906,52.099998474121094,3079100
2022-05-03,46.61000061035156,49.36000061035156,45.400001525878906,48.29999923706055,2220000
2022-05-04,47.81999969482422,49.75,45.70000076293945,46.880001068115234,2459000
2022-05-05,45.43000030517578,48.7400016784668,45.08000183105469,47.0,1522000
2022-05-06,47.38999938964844,48.369998931884766,43.79999923706055,45.93000030517578,1951500
2022-05-09,42.41999816894531,47.319000244140625,42.040000915527344,45.599998474121094,1635900
2022-05-10,41.290000915527344,44.0,40.099998474121094,43.599998474121094,1297100
2022-05-11,39.150001525878906,41.34600067138672,38.900001525878906,40.099998474121094,1232500
2022-05-12,38.779998779296875,41.599998474121094,36.400001525878906,37.0099983215332,1683600
2022-05-13,41.97999954223633,42.20000076293945,39.79999923706055,39.79999923706055,1733400
2022-05-16,45.75,46.0,43.099998474121094,44.849998474121094,2336300
2022-05-17,46.209999084472656,46.75,43.810001373291016,44.84000015258789,1495700
2022-05-18,44.66999816894531,46.0,44.099998474121094,45.70000076293945,982900
2022-05-19,44.09000015258789,45.470001220703125,42.5,43.779998779296875,668900
2022-05-20,45.060001373291016,45.7400016784668,43.66999816894531,44.0,872900
2022-05-23,45.34000015258789,45.45000076293945,43.45000076293945,44.29999923706055,950200
2022-05-24,44.869998931884766,44.880001068115234,42.720001220703125,44.0,1075000
2022-05-25,45.13999938964844,45.72999954223633,43.619998931884766,43.619998931884766,876600
2022-05-26,44.880001068115234,46.54999923706055,44.279998779296875,44.33000183105469,1071500
2022-05-27,44.47999954223633,45.630001068115234,41.59000015258789,44.72999954223633,1814200
2022-05-31,43.709999084472656,44.15999984741211,42.400001525878906,43.79999923706055,642100
2022-06-01,42.9900016784668,43.95000076293945,42.47999954223633,42.900001525878906,601700
2022-06-02,44.13999938964844,46.040000915527344,42.029998779296875,42.04999923706055,854200
2022-06-03,44.06999969482422,45.790000915527344,43.20000076293945,43.20000076293945,660100
2022-06-06,43.95000076293945,44.83000183105469,43.5,44.59000015258789,410200
2022-06-07,44.310001373291016,45.400001525878906,43.3129997253418,43.70000076293945,402100
2022-06-08,43.97999954223633,45.099998474121094,43.7400016784668,43.75,396400
2022-06-09,43.619998931884766,44.09000015258789,43.16999816894531,43.529998779296875,357300
2022-06-10,43.790000915527344,43.849998474121094,42.369998931884766,42.5,417500
2022-06-13,38.0099983215332,42.0,36.5,39.7400016784668,1615500
2022-06-14,27.299999237060547,38.439998626708984,26.709999084472656,37.5,3812700
2022-06-15,30.1299991607666,31.450000762939453,28.510000228881836,28.56999969482422,1965500
2022-06-16,29.299999237060547,29.649999618530273,28.1200008392334,28.5,834300
2022-06-17,27.989999771118164,29.600000381469727,26.31999969482422,29.5,1438900
2022-06-21,28.579999923706055,29.1299991607666,27.864999771118164,28.469999313354492,963600
2022-06-22,27.90999984741211,28.582000732421875,27.479999542236328,27.5,536100
2022-06-23,27.950000762939453,28.399999618530273,27.399999618530273,27.399999618530273,463600
2022-06-24,27.81999969482422,28.200000762939453,27.649999618530273,27.649999618530273,469800
2022-06-27,25.15999984741211,25.889999389648438,24.600000381469727,25.110000610351562,2103300
2022-06-28,24.3700008392334,27.25,24.110000610351562,25.350000381469727,1701800
2022-06-29,22.56999969482422,24.479999542236328,22.329999923706055,24.270000457763672,1269500
2022-06-30,24.15999984741211,25.344999313354492,22.0,22.0,1773400
2022-07-01,24.200000762939453,24.459999084472656,23.3700008392334,24.459999084472656,491300
2022-07-05,24.020000457763672,25.299999237060547,23.25,23.520000457763672,1003000
2022-07-06,23.719999313354492,24.3799991607666,23.45599937438965,23.829999923706055,578100
2022-07-07,24.1200008392334,24.790000915527344,22.5,23.6200008392334,1243300
2022-07-08,24.520000457763672,25.100000381469727,23.792999267578125,23.84000015258789,1500000
2022-07-11,29.450000762939453,30.899999618530273,26.579999923706055,28.649999618530273,10946900
2022-07-12,28.579999923706055,30.09000015258789,26.770000457763672,28.299999237060547,4225500
2022-07-13,27.600000381469727,28.200000762939453,26.8700008392334,27.110000610351562,1035100
2022-07-14,29.739999771118164,30.729999542236328,27.1299991607666,27.200000762939453,2897600
2022-07-15,30.0,32.0,29.200000762939453,30.09000015258789,2163500
2022-07-18,29.510000228881836,30.5,28.790000915527344,30.049999237060547,1132300
2022-07-19,29.56999969482422,29.950000762939453,28.81999969482422,28.81999969482422,882100
2022-07-20,30.149999618530273,30.459999084472656,29.43000030517578,29.5,658200
2022-07-21,32.58000183105469,33.31999969482422,30.149999618530273,30.360000610351562,2615000
2022-07-22,31.59000015258789,32.78799819946289,30.6299991607666,32.029998779296875,889600
2022-07-25,31.0,31.989999771118164,30.3700008392334,31.989999771118164,465300
2022-07-26,30.170000076293945,31.6200008392334,29.889999389648438,30.729999542236328,582600
2022-07-27,30.280000686645508,30.520000457763672,29.610000610351562,30.5,385500
2022-07-28,30.190000534057617,30.540000915527344,29.760000228881836,29.93000030517578,260800
2022-07-29,30.170000076293945,30.399999618530273,29.829999923706055,30.030000686645508,557200
2022-08-01,30.15999984741211,30.450000762939453,29.760000228881836,29.920000076293945,448800
2022-08-02,29.899999618530273,30.349000930786133,29.31999969482422,29.5,462000
2022-08-03,30.959999084472656,33.27000045776367,29.829999923706055,29.940000534057617,1487800
2022-08-04,31.649999618530273,33.630001068115234,31.09000015258789,32.290000915527344,821900
2022-08-05,31.700000762939453,32.33000183105469,31.3799991607666,31.809999465942383,376700
2022-08-08,30.799999237060547,31.93000030517578,30.5,30.719999313354492,559200
2022-08-09,30.0,30.858999252319336,29.420000076293945,30.0,608100
2022-08-10,30.270000457763672,30.780000686645508,29.8799991607666,30.56999969482422,320200
2022-08-11,30.31999969482422,30.600000381469727,30.0,30.170000076293945,367000
2022-08-12,29.760000228881836,30.25,29.75,30.100000381469727,420000
2022-08-15,29.6299991607666,30.239999771118164,29.5,29.760000228881836,293900
2022-08-16,30.809999465942383,32.33000183105469,29.010000228881836,29.520000457763672,1597900
2022-08-17,30.4950008392334,31.290000915527344,30.030000686645508,30.75,395100
2022-08-18,30.440000534057617,31.200000762939453,30.229999542236328,30.229999542236328,286600
2022-08-19,29.959999084472656,30.18000030517578,29.719999313354492,29.75,349600
2022-08-22,29.950000762939453,31.110000610351562,29.5,29.600000381469727,421400
2022-08-23,30.309999465942383,30.989999771118164,29.950000762939453,30.149999618530273,392500
2022-08-24,30.149999618530273,30.979999542236328,29.829999923706055,30.010000228881836,566800
2022-08-25,29.420000076293945,30.299999237060547,28.520000457763672,30.100000381469727,670200
2022-08-26,27.520000457763672,29.299999237060547,26.59000015258789,29.010000228881836,1118100
2022-08-29,25.31999969482422,26.81999969482422,24.799999237060547,26.530000686645508,1552200
2022-08-30,24.59000015258789,25.600000381469727,24.399999618530273,25.5,923200
2022-08-31,24.3799991607666,25.700000762939453,23.979999542236328,24.700000762939453,791400
2022-09-01,23.6200008392334,24.280000686645508,22.200000762939453,24.0,994600
2022-09-02,24.989999771118164,25.8700008392334,23.670000076293945,23.84000015258789,1393700
2022-09-06,22.1299991607666,23.270000457763672,19.700000762939453,19.729999542236328,6027200
2022-09-07,23.06999969482422,23.299999237060547,20.75,20.780000686645508,1571000
2022-09-08,23.350000381469727,25.0,22.510000228881836,22.75,1799100
2022-09-09,24.0,24.489999771118164,22.700000762939453,24.3700008392334,1772700
2022-09-12,24.100000381469727,24.270000457763672,23.610000610351562,23.850000381469727,509100
2022-09-13,24.489999771118164,25.0,23.600000381469727,23.600000381469727,638200
2022-09-14,24.190000534057617,24.56999969482422,23.959999084472656,24.56999969482422,422000
2022-09-15,24.0,24.25,23.25,23.959999084472656,581900
2022-09-16,23.43000030517578,24.239999771118164,23.270000457763672,23.450000762939453,470200
2022-09-19,22.399999618530273,23.290000915527344,21.81999969482422,23.020000457763672,468900
2022-09-20,18.610000610351562,22.0,18.520000457763672,21.8799991607666,1450100
2022-09-21,17.899999618530273,19.299999237060547,17.18000030517578,19.010000228881836,1776600
2022-09-22,16.920000076293945,17.979999542236328,16.610000610351562,17.979999542236328,982400
2022-09-23,16.5,16.850000381469727,15.199999809265137,16.850000381469727,1185800
2022-09-26,17.520000457763672,18.200000762939453,15.520000457763672,16.479999542236328,1147200
2022-09-27,16.920000076293945,17.450000762939453,16.482999801635742,17.299999237060547,556400
2022-09-28,16.739999771118164,17.0,16.25,16.5,374800
2022-09-29,16.270000457763672,17.0,16.19499969482422,16.649999618530273,534600
2022-09-30,16.809999465942383,16.94700050354004,16.170000076293945,16.299999237060547,387600
2022-10-03,18.049999237060547,19.641000747680664,17.03700065612793,17.190000534057617,875100
2022-10-04,17.100000381469727,18.760000228881836,17.0,18.5,1219700
2022-10-05,17.149999618530273,17.530000686645508,16.90999984741211,17.530000686645508,420000
2022-10-06,17.579999923706055,18.110000610351562,17.170000076293945,17.239999771118164,353700
2022-10-07,17.31999969482422,17.790000915527344,16.860000610351562,17.559999465942383,316400
2022-10-10,16.010000228881836,17.350000381469727,16.0,17.020000457763672,702900
2022-10-11,16.139999389648438,16.25,15.585000038146973,15.899999618530273,317900
2022-10-12,15.960000038146973,16.479999542236328,15.899999618530273,16.25,445400
2022-10-13,18.299999237060547,21.8799991607666,17.09000015258789,17.209999084472656,10682300
2022-10-14,17.489999771118164,18.299999237060547,16.770000457763672,17.90999984741211,1161700
2022-10-17,16.110000610351562,17.56999969482422,16.040000915527344,17.549999237060547,1072000
2022-10-18,16.540000915527344,17.170000076293945,16.040000915527344,16.450000762939453,1637600
2022-10-19,16.270000457763672,16.601999282836914,16.084999084472656,16.5,311300
2022-10-20,16.149999618530273,16.579999923706055,16.049999237060547,16.329999923706055,472100
2022-10-21,16.770000457763672,16.829999923706055,16.059999465942383,16.270000457763672,549800
2022-10-24,16.229999542236328,16.770000457763672,16.09000015258789,16.56999969482422,447000
2022-10-25,17.200000762939453,17.226999282836914,16.18199920654297,16.229999542236328,557400
2022-10-26,17.1200008392334,17.434999465942383,16.760000228881836,17.09000015258789,345200
2022-10-27,16.440000534057617,17.170000076293945,16.350000381469727,17.110000610351562,285600
2022-10-28,17.06999969482422,17.09000015258789,15.569999694824219,16.399999618530273,987500
2022-10-31,16.719999313354492,17.0,16.280000686645508,17.0,436500
2022-11-01,16.65999984741211,17.0,16.450000762939453,16.959999084472656,587300
2022-11-02,16.209999084472656,16.799999237060547,16.15999984741211,16.799999237060547,327400
2022-11-03,16.329999923706055,16.68000030517578,16.079999923706055,16.440000534057617,563300
2022-11-04,17.479999542236328,18.280000686645508,16.56999969482422,17.0,1184300
2022-11-07,29.100000381469727,29.799999237060547,20.600000381469727,22.469999313354492,33331300
2022-11-08,28.079999923706055,29.649999618530273,24.600000381469727,26.579999923706055,23532600
2022-11-09,22.549999237060547,24.700000762939453,21.530000686645508,23.030000686645508,7347100
2022-11-10,22.760000228881836,24.489999771118164,20.43000030517578,20.479999542236328,4950200
2022-11-11,25.09000015258789,25.440000534057617,22.450000762939453,22.920000076293945,5535300
2022-11-14,27.829999923706055,28.850000381469727,25.520000457763672,25.889999389648438,8379000
2022-11-15,25.3700008392334,28.100000381469727,24.780000686645508,27.959999084472656,5827500
2022-11-16,21.290000915527344,25.149999618530273,20.799999237060547,24.440000534057617,8427900
2022-11-17,19.940000534057617,20.860000610351562,19.229999542236328,19.8700008392334,2802700
2022-11-18,21.3799991607666,22.420000076293945,20.0,20.15999984741211,2619200
2022-11-21,21.5,21.5,19.5,20.690000534057617,1477800
2022-11-22,22.729999542236328,24.579999923706055,21.149999618530273,21.5,3167500
2022-11-23,23.280000686645508,23.780000686645508,21.799999237060547,22.020000457763672,1136900
2022-11-25,24.780000686645508,25.179000854492188,23.107999801635742,23.5,1120600
2022-11-28,24.350000381469727,24.65999984741211,23.75,23.8700008392334,775900
2022-11-29,23.520000457763672,24.402000427246094,23.110000610351562,24.399999618530273,706100
2022-11-30,22.809999465942383,23.84000015258789,22.75,23.260000228881836,629800
2022-12-01,22.3700008392334,23.09000015258789,22.149999618530273,22.75,479000
2022-12-02,22.829999923706055,23.0,21.781999588012695,22.010000228881836,301800
2022-12-05,22.260000228881836,22.700000762939453,21.700000762939453,22.600000381469727,355800
2022-12-06,21.450000762939453,22.115999221801758,21.1299991607666,22.020000457763672,608000
2022-12-07,21.489999771118164,21.600000381469727,20.799999237060547,21.0,372600
2022-12-08,21.84000015258789,21.8700008392334,21.20800018310547,21.350000381469727,341200
2022-12-09,21.65999984741211,21.940000534057617,21.110000610351562,21.600000381469727,282900
2022-12-12,21.290000915527344,21.389999389648438,20.8799991607666,21.350000381469727,729800
2022-12-13,20.600000381469727,21.600000381469727,20.520000457763672,21.290000915527344,421900
2022-12-14,21.43000030517578,22.68000030517578,19.940000534057617,20.399999618530273,1370100
2022-12-15,20.139999389648438,21.75,19.25,21.709999084472656,1075800
2022-12-16,19.219999313354492,20.329999923706055,19.110000610351562,19.1200008392334,762600
2022-12-19,17.059999465942383,19.200000762939453,17.010000228881836,18.829999923706055,909100
2022-12-20,16.850000381469727,17.8799991607666,16.6299991607666,17.0,475100
2022-12-21,18.5,18.5,16.889999389648438,17.0,430900
2022-12-22,17.110000610351562,18.239999771118164,16.56999969482422,18.06999969482422,493300
2022-12-23,17.110000610351562,17.149999618530273,16.510000228881836,16.93000030517578,304400
2022-12-27,15.229999542236328,16.90999984741211,15.229999542236328,16.68000030517578,599800
2022-12-28,15.520000457763672,16.350000381469727,15.100000381469727,15.25,935300
2022-12-29,14.979999542236328,15.75,14.84000015258789,15.539999961853027,709700
2022-12-30,15.0,15.210000038146973,14.800000190734863,14.979999542236328,538400
2023-01-03,15.779999732971191,15.850000381469727,14.869999885559082,15.3100004196167,520900
2023-01-04,15.640000343322754,15.6899995803833,14.979999542236328,15.569999694824219,401500
2023-01-05,15.880000114440918,15.880000114440918,15.050000190734863,15.390000343322754,254600
2023-01-06,15.920000076293945,15.970000267028809,15.449999809265137,15.930000305175781,206500
2023-01-09,16.190000534057617,16.347999572753906,15.720000267028809,16.0,308000
2023-01-10,15.970000267028809,16.1299991607666,15.640000343322754,15.989999771118164,212900
2023-01-11,16.6299991607666,16.739999771118164,16.010000228881836,16.09000015258789,247500
2023-01-12,16.850000381469727,16.8799991607666,16.200000762939453,16.6200008392334,235700
2023-01-13,18.030000686645508,18.440000534057617,16.399999618530273,16.440000534057617,576000
2023-01-17,17.360000610351562,18.770000457763672,16.770000457763672,18.09000015258789,759900
2023-01-18,16.059999465942383,17.450000762939453,15.25,17.450000762939453,1169900
2023-01-19,15.609999656677246,16.239999771118164,15.510000228881836,16.0,462100
2023-01-20,15.65999984741211,16.059999465942383,15.649999618530273,15.699999809265137,441300
2023-01-23,15.079999923706055,15.40999984741211,14.720000267028809,15.329999923706055,1363500
2023-01-24,14.479999542236328,15.1899995803833,14.329999923706055,15.09000015258789,950100
2023-01-25,14.899999618530273,14.96500015258789,14.15999984741211,14.5,738200
2023-01-26,15.3100004196167,15.350000381469727,14.710000038146973,15.010000228881836,683000
2023-01-27,15.319999694824219,15.579999923706055,14.899999618530273,15.170000076293945,581800
2023-01-30,15.399999618530273,15.529999732971191,15.079999923706055,15.319999694824219,305500
2023-01-31,15.3100004196167,15.5,15.15999984741211,15.5,291200
2023-02-01,15.34000015258789,15.46500015258789,14.949999809265137,15.390000343322754,332900
2023-02-02,16.864999771118164,17.6299991607666,15.255999565124512,15.319999694824219,1440900
2023-02-03,16.079999923706055,17.020000457763672,15.710000038146973,16.600000381469727,483000
2023-02-06,16.040000915527344,16.170000076293945,15.739999771118164,15.75,256000
2023-02-07,15.729999542236328,16.079999923706055,15.449999809265137,15.989999771118164,197800
2023-02-08,15.640000343322754,15.9399995803833,15.479999542236328,15.800000190734863,159600
2023-02-09,15.119999885559082,15.850000381469727,15.010000228881836,15.850000381469727,304800
2023-02-10,15.010000228881836,15.489999771118164,15.0,15.09000015258789,232200
2023-02-13,14.8100004196167,15.109999656677246,14.699999809265137,14.949999809265137,373900
2023-02-14,15.0,15.180000305175781,14.729999542236328,14.8100004196167,188200
2023-02-15,15.100000381469727,15.270000457763672,14.869999885559082,14.869999885559082,187700
2023-02-16,15.130000114440918,15.380000114440918,15.079999923706055,15.079999923706055,180500
2023-02-17,15.039999961853027,15.199999809265137,14.920000076293945,15.140000343322754,159500
2023-02-21,15.010000228881836,15.199999809265137,14.819999694824219,15.050000190734863,251200
2023-02-22,14.869999885559082,15.069999694824219,14.630000114440918,14.920000076293945,305600
2023-02-23,14.8100004196167,15.020000457763672,14.649999618530273,15.020000457763672,159500
2023-02-24,14.649999618530273,14.890000343322754,14.529999732971191,14.75,125800
2023-02-27,14.970000267028809,15.050000190734863,14.649999618530273,14.729999542236328,171400
2023-02-28,14.789999961853027,15.140000343322754,14.739999771118164,14.970000267028809,331900
2023-03-01,14.760000228881836,14.880000114440918,14.609999656677246,14.880000114440918,144100
2023-03-02,14.460000038146973,14.75,14.100000381469727,14.75,353600
2023-03-03,14.470000267028809,14.548999786376953,14.229999542236328,14.359999656677246,269500
2023-03-06,14.569999694824219,14.630000114440918,14.329999923706055,14.520000457763672,220900
2023-03-07,14.300000190734863,14.550000190734863,14.270999908447266,14.470000267028809,140100
2023-03-08,14.229999542236328,14.390000343322754,14.210000038146973,14.369999885559082,121400
2023-03-09,14.029999732971191,14.300000190734863,14.020000457763672,14.300000190734863,180200
2023-03-10,13.729999542236328,14.170999526977539,13.380000114440918,14.010000228881836,323200
2023-03-13,13.229999542236328,13.34000015258789,12.652000427246094,13.1899995803833,500300
2023-03-14,13.25,13.479999542236328,13.15999984741211,13.350000381469727,149000
2023-03-15,12.510000228881836,12.9399995803833,12.479999542236328,12.640000343322754,413900
2023-03-16,12.569999694824219,12.59000015258789,12.34000015258789,12.5600004196167,235300
2023-03-17,12.5,12.789999961853027,12.404999732971191,12.4399995803833,272000
2023-03-20,13.869999885559082,15.25,12.399999618530273,12.5,4212100
2023-03-21,13.630000114440918,14.770000457763672,13.074999809265137,13.970000267028809,1476600
2023-03-22,13.300000190734863,13.630000114440918,12.949999809265137,13.510000228881836,448900
2023-03-23,13.5,13.5,12.960000038146973,13.300000190734863,323600
2023-03-24,12.920000076293945,13.5,12.904000282287598,13.5,241800
2023-03-27,13.630000114440918,13.90999984741211,13.010000228881836,13.25,422300
2023-03-28,13.34000015258789,13.625,13.319999694824219,13.369999885559082,174800
2023-03-29,13.09000015258789,13.5,13.0,13.449999809265137,250200
2023-03-30,13.0600004196167,13.279999732971191,13.050000190734863,13.1899995803833,699600
2023-03-31,14.050000190734863,14.529999732971191,13.520000457763672,14.069999694824219,2406300
2023-04-03,15.25,16.0,14.100000381469727,14.25,2548600
2023-04-04,14.029999732971191,14.880000114440918,13.760000228881836,14.8100004196167,1817000
2023-04-05,13.579999923706055,13.98900032043457,13.239999771118164,13.829999923706055,528000
2023-04-06,13.34000015258789,13.62600040435791,13.100000381469727,13.579999923706055,332400
2023-04-10,13.1899995803833,13.34000015258789,12.920000076293945,13.149999618530273,370000
2023-04-11,13.100000381469727,13.300000190734863,13.079999923706055,13.180000305175781,266900
2023-04-12,13.010000228881836,13.25,12.899999618530273,13.130000114440918,196400
2023-04-13,13.140000343322754,13.149999618530273,12.899999618530273,13.0,217700
2023-04-14,13.119999885559082,13.359999656677246,13.039999961853027,13.15999984741211,171700
2023-04-17,13.350000381469727,13.399999618530273,13.100000381469727,13.199999809265137,203800
2023-04-18,13.15999984741211,13.5,13.15999984741211,13.279999732971191,153700
2023-04-19,13.039999961853027,13.149999618530273,12.949999809265137,13.020000457763672,193700
2023-04-20,12.949999809265137,13.100000381469727,12.90999984741211,13.0,134300
2023-04-21,13.039999961853027,13.36299991607666,12.979999542236328,12.979999542236328,174500
2023-04-24,13.420000076293945,13.699999809265137,12.930000305175781,13.010000228881836,524100
2023-04-25,13.359999656677246,13.569999694824219,13.210000038146973,13.460000038146973,208100
2023-04-26,13.0600004196167,13.369999885559082,12.920000076293945,13.369999885559082,217700
2023-04-27,13.09000015258789,13.119999885559082,12.979999542236328,13.069999694824219,81900
2023-04-28,13.079999923706055,13.180000305175781,13.020000457763672,13.170000076293945,128900
2023-05-01,13.039999961853027,13.081999778747559,12.90999984741211,13.020000457763672,132900
2023-05-02,12.899999618530273,13.020000457763672,12.800000190734863,12.920000076293945,145600
2023-05-03,12.930000305175781,12.979999542236328,12.8100004196167,12.920000076293945,132400
2023-05-04,12.979999542236328,12.979999542236328,12.800000190734863,12.930000305175781,99700
2023-05-05,12.920000076293945,13.020000457763672,12.895999908447266,12.90999984741211,126100
2023-05-08,12.960000038146973,13.03499984741211,12.920000076293945,12.920000076293945,103300
2023-05-09,13.430000305175781,13.847999572753906,12.911999702453613,12.960000038146973,668000
2023-05-10,13.579999923706055,13.8100004196167,13.10200023651123,13.1899995803833,373600
2023-05-11,13.930000305175781,14.079999923706055,13.199999809265137,13.59000015258789,297000
2023-05-12,13.520000457763672,13.949999809265137,13.449999809265137,13.819999694824219,124800
2023-05-15,13.380000114440918,13.880000114440918,13.300000190734863,13.600000381469727,129000
2023-05-16,13.260000228881836,13.680000305175781,13.260000228881836,13.680000305175781,97100
2023-05-17,13.270000457763672,13.520000457763672,13.199999809265137,13.520000457763672,106900
2023-05-18,13.180000305175781,13.359999656677246,13.130000114440918,13.270000457763672,111400
2023-05-19,13.289999961853027,13.359000205993652,13.149999618530273,13.25,96400
2023-05-22,13.279999732971191,13.430000305175781,13.199999809265137,13.25,137100
2023-05-23,13.529999732971191,13.630000114440918,13.258999824523926,13.279999732971191,134300
2023-05-24,13.430000305175781,13.5,13.3100004196167,13.460000038146973,102100
2023-05-25,13.229999542236328,13.699999809265137,12.871000289916992,13.1899995803833,266100
2023-05-26,13.029999732971191,13.350000381469727,12.960000038146973,13.210000038146973,151900
2023-05-30,12.869999885559082,13.029999732971191,12.850000381469727,13.010000228881836,154900
2023-05-31,12.880000114440918,12.9399995803833,12.829999923706055,12.84000015258789,76500
2023-06-01,12.850000381469727,12.960000038146973,12.800000190734863,12.84000015258789,120200
2023-06-02,12.930000305175781,12.98900032043457,12.859999656677246,12.880000114440918,126600
2023-06-05,12.960000038146973,13.010000228881836,12.890000343322754,12.920999526977539,117400
2023-06-06,12.899999618530273,13.050000190734863,12.859999656677246,13.010000228881836,160400
2023-06-07,12.880000114440918,13.0,12.869999885559082,12.90999984741211,110600
2023-06-08,12.899999618530273,13.0,12.880000114440918,12.930000305175781,112400
2023-06-09,12.8100004196167,13.420000076293945,12.800000190734863,13.050000190734863,415000
2023-06-12,12.789999961853027,12.930000305175781,12.75,12.789999961853027,203400
2023-06-13,13.050000190734863,13.1899995803833,12.800000190734863,12.890000343322754,241200
2023-06-14,12.920000076293945,13.024999618530273,12.800000190734863,13.010000228881836,149900
2023-06-15,12.819999694824219,12.92300033569336,12.75,12.850000381469727,136400
2023-06-16,12.760000228881836,12.819999694824219,12.6899995803833,12.789999961853027,126100
2023-06-20,12.760000228881836,12.8100004196167,12.604999542236328,12.699999809265137,175500
2023-06-21,12.739999771118164,12.800000190734863,12.6899995803833,12.710000038146973,87500
2023-06-22,12.579999923706055,12.694999694824219,12.520000457763672,12.630000114440918,103000
2023-06-23,12.460000038146973,12.600000381469727,12.399999618530273,12.510000228881836,128400
2023-06-26,12.720000267028809,13.006999969482422,12.5,12.5,216300
2023-06-27,12.75,12.770000457763672,12.609999656677246,12.65999984741211,73700
2023-06-28,12.65999984741211,12.880000114440918,12.619999885559082,12.75,128100
2023-06-29,12.680000305175781,12.760000228881836,12.600000381469727,12.739999771118164,142000
2023-06-30,12.5600004196167,12.850000381469727,12.51200008392334,12.720000267028809,138600
2023-07-03,12.649999618530273,12.682999610900879,12.5600004196167,12.5600004196167,70800
2023-07-05,14.829999923706055,15.149999618530273,13.460000038146973,13.90999984741211,5135600
2023-07-06,13.899999618530273,14.680000305175781,13.5,14.65999984741211,629400
2023-07-07,13.609999656677246,14.168999671936035,13.550000190734863,13.829999923706055,417000
2023-07-10,13.449999809265137,13.800000190734863,13.3100004196167,13.760000228881836,260300
2023-07-11,13.350000381469727,13.630000114440918,13.279999732971191,13.350000381469727,233900
2023-07-12,13.0600004196167,13.432000160217285,12.960000038146973,13.380000114440918,322400
2023-07-13,13.050000190734863,13.460000038146973,12.920000076293945,12.970000267028809,351200
2023-07-14,12.850000381469727,13.100000381469727,12.819999694824219,13.050000190734863,171300
2023-07-17,13.25,13.34000015258789,13.024999618530273,13.100000381469727,237000
2023-07-18,13.180000305175781,13.489999771118164,13.050000190734863,13.119999885559082,257100
2023-07-19,13.640000343322754,13.949999809265137,13.159000396728516,13.319999694824219,521200
2023-07-20,13.359999656677246,14.079999923706055,13.229999542236328,13.420000076293945,2421900
2023-07-21,20.079999923706055,25.850000381469727,16.239999771118164,16.700000762939453,31180000
2023-07-24,17.6299991607666,19.0,16.5,19.0,3181400
2023-07-25,16.34000015258789,17.44099998474121,16.0,17.43000030517578,1031400
2023-07-26,16.65999984741211,16.790000915527344,16.239999771118164,16.239999771118164,568000
2023-07-27,16.479999542236328,17.15999984741211,16.25,16.549999237060547,486200
2023-07-28,16.56999969482422,16.860000610351562,16.3799991607666,16.5,330200
2023-07-31,16.8700008392334,16.989999771118164,16.510000228881836,16.700000762939453,341500
2023-08-01,16.6299991607666,16.864999771118164,16.617000579833984,16.700000762939453,226800
2023-08-02,15.649999618530273,16.110000610351562,14.899999618530273,16.0,654100
2023-08-03,15.569999694824219,15.880000114440918,15.350000381469727,15.75,259300
2023-08-04,15.449999809265137,15.75,15.359999656677246,15.729999542236328,192300
2023-08-07,15.430000305175781,15.67199993133545,15.199999809265137,15.600000381469727,296900
2023-08-08,15.149999618530273,15.3100004196167,15.050000190734863,15.3100004196167,198800
2023-08-09,14.949999809265137,15.25,14.75,15.140000343322754,477200
2023-08-10,16.600000381469727,16.979999542236328,15.5,15.760000228881836,1092800
2023-08-11,16.59000015258789,16.700000762939453,16.1200008392334,16.399999618530273,423100
2023-08-14,17.299999237060547,17.780000686645508,16.299999237060547,16.489999771118164,597500
2023-08-15,16.729999542236328,17.450000762939453,16.56599998474121,17.450000762939453,359700
2023-08-16,17.030000686645508,18.68000030517578,16.260000228881836,16.43000030517578,899600
2023-08-17,15.039999961853027,16.947999954223633,15.029999732971191,16.770000457763672,650400
2023-08-18,15.100000381469727,15.420000076293945,14.970000267028809,15.270000457763672,298800
2023-08-21,15.109999656677246,15.640999794006348,15.050000190734863,15.329999923706055,262500
2023-08-22,14.819999694824219,15.149999618530273,14.800000190734863,15.079999923706055,243900
2023-08-23,13.979999542236328,14.880000114440918,13.960000038146973,14.800000190734863,427600
2023-08-24,13.930000305175781,14.157999992370605,13.770000457763672,13.770000457763672,296700
2023-08-25,15.260000228881836,15.359999656677246,13.109999656677246,13.140000343322754,957400
2023-08-28,15.029999732971191,15.152000427246094,14.5600004196167,15.050000190734863,321100
2023-08-29,15.0,15.149999618530273,14.704999923706055,14.899999618530273,186700
2023-08-30,15.59000015258789,15.789999961853027,14.920000076293945,15.0,348000
2023-08-31,16.420000076293945,16.59000015258789,15.600000381469727,15.670000076293945,666300
2023-09-01,16.510000228881836,16.6200008392334,16.34000015258789,16.6200008392334,236500
2023-09-05,17.110000610351562,18.989999771118164,15.770999908447266,15.960000038146973,1974400
2023-09-06,17.65999984741211,18.1299991607666,16.700000762939453,16.760000228881836,616900
2023-09-07,17.280000686645508,17.520000457763672,17.110000610351562,17.5,320300
2023-09-08,16.81999969482422,17.450000762939453,16.75,17.1299991607666,205300
2023-09-11,16.34000015258789,16.899999618530273,16.31999969482422,16.729999542236328,203500
2023-09-12,16.1299991607666,16.399999618530273,16.049999237060547,16.34000015258789,170100
2023-09-13,16.190000534057617,16.31999969482422,16.049999237060547,16.049999237060547,99200
2023-09-14,16.100000381469727,16.350000381469727,16.079999923706055,16.100000381469727,163900
2023-09-15,16.0,16.25,15.90999984741211,16.239999771118164,125800
2023-09-18,15.850000381469727,15.960000038146973,15.710000038146973,15.899999618530273,132000
2023-09-19,15.710000038146973,15.819999694824219,15.649999618530273,15.75,84200
2023-09-20,15.880000114440918,15.90999984741211,15.59000015258789,15.739999771118164,106500
2023-09-21,15.699999809265137,15.960000038146973,15.619999885559082,15.880000114440918,102900
2023-09-22,16.280000686645508,16.5,15.619999885559082,15.800000190734863,206600
2023-09-25,16.479999542236328,16.5,16.190000534057617,16.459999084472656,130300
2023-09-26,16.610000610351562,16.68000030517578,16.277999877929688,16.440000534057617,87700
2023-09-27,16.540000915527344,16.639999389648438,16.40999984741211,16.59000015258789,75000
2023-09-28,16.34000015258789,16.549999237060547,16.239999771118164,16.489999771118164,107200
2023-09-29,16.420000076293945,16.510000228881836,16.200000762939453,16.389999389648438,136900
2023-10-02,15.430000305175781,16.190000534057617,15.359999656677246,16.190000534057617,275000
2023-10-03,15.720000267028809,15.949999809265137,15.300000190734863,15.300000190734863,139400
2023-10-04,15.899999618530273,15.970000267028809,15.6850004196167,15.75,105900
2023-10-05,15.829999923706055,16.100000381469727,15.75,15.90999984741211,152000
2023-10-06,15.829999923706055,16.18000030517578,15.670000076293945,15.789999961853027,168400
2023-10-09,15.949999809265137,16.219999313354492,15.701000213623047,15.720000267028809,151300
2023-10-10,15.949999809265137,16.208999633789062,15.871999740600586,15.899999618530273,103600
2023-10-11,15.859999656677246,16.049999237060547,15.800000190734863,15.859999656677246,71600
2023-10-12,15.545000076293945,15.880000114440918,15.300000190734863,15.880000114440918,196000
2023-10-13,15.520000457763672,15.595000267028809,15.289999961853027,15.5,145500
2023-10-16,15.609999656677246,16.299999237060547,15.34000015258789,15.350000381469727,255300
2023-10-17,15.279999732971191,15.614999771118164,15.050000190734863,15.420000076293945,115500
2023-10-18,15.055000305175781,15.279999732971191,14.947999954223633,15.210000038146973,87100
2023-10-19,14.970000267028809,15.083999633789062,14.800000190734863,14.920000076293945,101100
2023-10-20,15.0600004196167,15.199999809265137,14.899999618530273,15.010000228881836,118200
2023-10-23,14.84000015258789,15.050000190734863,14.8100004196167,14.970000267028809,140200
2023-10-24,14.789999961853027,14.829999923706055,14.656999588012695,14.739999771118164,73000
2023-10-25,14.569999694824219,14.91100025177002,14.557999610900879,14.720000267028809,66500
2023-10-26,14.470000267028809,14.682999610900879,14.399999618530273,14.569999694824219,139800
2023-10-27,14.59000015258789,14.850000381469727,14.319999694824219,14.319999694824219,76700
2023-10-30,15.140000343322754,15.345999717712402,14.883999824523926,14.90999984741211,120800
2023-10-31,14.920000076293945,15.140000343322754,14.760000228881836,15.140000343322754,109100
2023-11-01,14.600000381469727,15.019000053405762,14.600000381469727,14.949999809265137,117200
2023-11-02,14.670000076293945,14.741000175476074,14.510000228881836,14.680000305175781,117800
2023-11-03,14.850000381469727,14.890000343322754,14.720000267028809,14.819999694824219,78400
2023-11-06,15.069999694824219,15.286999702453613,14.90999984741211,14.930000305175781,179100
2023-11-07,15.449999809265137,15.5,14.930000305175781,14.970000267028809,138400
2023-11-08,15.380000114440918,15.789999961853027,15.25,15.40999984741211,191800
2023-11-09,15.130000114440918,15.5,14.949999809265137,15.399999618530273,155400
2023-11-10,15.140000343322754,15.300000190734863,15.010000228881836,15.09000015258789,74300
2023-11-13,15.180000305175781,15.34000015258789,14.75,15.0600004196167,380000
2023-11-14,15.625,15.979999542236328,15.1899995803833,15.979999542236328,233900
2023-11-15,15.925000190734863,16.280000686645508,15.619999885559082,15.619999885559082,221900
2023-11-16,16.68000030517578,16.8700008392334,16.15999984741211,16.31999969482422,290600
2023-11-17,16.18000030517578,17.1560001373291,15.845000267028809,16.68000030517578,447800
2023-11-20,16.6200008392334,16.799999237060547,16.25,16.6200008392334,206400
2023-11-21,17.3799991607666,18.5,16.740999221801758,16.940000534057617,585500
2023-11-22,17.059999465942383,17.729999542236328,16.780000686645508,17.729999542236328,255900
2023-11-24,18.149999618530273,18.170000076293945,17.239999771118164,17.239999771118164,324700
2023-11-27,18.079999923706055,19.5,18.020000457763672,18.399999618530273,566400
2023-11-28,18.139999389648438,18.6299991607666,17.790000915527344,18.170000076293945,211600
2023-11-29,17.670000076293945,18.100000381469727,17.389999389648438,18.049999237060547,277800
2023-11-30,17.360000610351562,17.899999618530273,17.141000747680664,17.81999969482422,213900
2023-12-01,17.479999542236328,17.59000015258789,17.0,17.25,183000
2023-12-04,17.65999984741211,17.850000381469727,17.25,17.5,141600
2023-12-05,17.290000915527344,18.200000762939453,17.260000228881836,17.65999984741211,212400
2023-12-06,17.260000228881836,17.440000534057617,17.209999084472656,17.329999923706055,126900
2023-12-07,17.06999969482422,17.325000762939453,17.06999969482422,17.190000534057617,98400
2023-12-08,17.170000076293945,17.239999771118164,16.950000762939453,17.010000228881836,109500
2023-12-11,17.350000381469727,17.850000381469727,17.170000076293945,17.360000610351562,204600
2023-12-12,17.5,17.75,17.30500030517578,17.610000610351562,179000
2023-12-13,17.950000762939453,18.049999237060547,17.510000228881836,17.600000381469727,310100
2023-12-14,17.899999618530273,18.200000762939453,17.709999084472656,18.170000076293945,223700
2023-12-15,17.59000015258789,18.079999923706055,17.520000457763672,18.0,210900
2023-12-18,17.829999923706055,18.100000381469727,17.360000610351562,17.600000381469727,304100
2023-12-19,17.829999923706055,18.0,17.600000381469727,17.889999389648438,211000
2023-12-20,17.440000534057617,17.829999923706055,17.40999984741211,17.440000534057617,244200
2023-12-21,17.260000228881836,17.579999923706055,17.229999542236328,17.450000762939453,144200
2023-12-22,16.969999313354492,17.464000701904297,16.969999313354492,17.209999084472656,170100
2023-12-26,18.170000076293945,18.190000534057617,17.513999938964844,17.850000381469727,391500
2023-12-27,17.950000762939453,18.360000610351562,17.8799991607666,18.229999542236328,297900
2023-12-28,17.729999542236328,17.93199920654297,17.56999969482422,17.84000015258789,158000
2023-12-29,17.5,17.700000762939453,17.299999237060547,17.6299991607666,240900
2024-01-02,17.450000762939453,17.639999389648438,17.270000457763672,17.639999389648438,112600
2024-01-03,17.440000534057617,17.56999969482422,17.350000381469727,17.56999969482422,73100
2024-01-04,17.350000381469727,17.540000915527344,17.266000747680664,17.540000915527344,70600
2024-01-05,17.229999542236328,17.5,17.200000762939453,17.299999237060547,89800
2024-01-08,17.239999771118164,17.413000106811523,17.0,17.200000762939453,139700
2024-01-09,17.229999542236328,17.389999389648438,17.079999923706055,17.079999923706055,81300
2024-01-10,17.079999923706055,17.399999618530273,17.059999465942383,17.239999771118164,118200
2024-01-11,16.920000076293945,17.200000762939453,16.899999618530273,17.079999923706055,123700
2024-01-12,17.31999969482422,17.3799991607666,16.899999618530273,16.899999618530273,149900
2024-01-16,22.350000381469727,22.979999542236328,18.3799991607666,18.489999771118164,8054600
2024-01-17,23.049999237060547,28.700000762939453,20.43000030517578,21.399999618530273,15611100
2024-01-18,25.579999923706055,26.520000457763672,23.799999237060547,24.18000030517578,7780400
2024-01-19,26.3799991607666,28.049999237060547,25.110000610351562,25.950000762939453,5392500
2024-01-22,49.689998626708984,50.20000076293945,29.209999084472656,29.329999923706055,29654400
2024-01-23,50.75,58.720001220703125,40.13199996948242,49.47999954223633,25945700
2024-01-24,38.150001525878906,49.689998626708984,36.5099983215332,44.25,15155800
2024-01-25,34.90999984741211,39.70000076293945,31.920000076293945,37.279998779296875,6718000
2024-01-26,38.18000030517578,40.5,35.13999938964844,36.209999084472656,6043500
2024-01-29,36.209999084472656,38.16999816894531,34.650001525878906,37.75,2242600
2024-01-30,37.79999923706055,39.5,34.66999816894531,34.66999816894531,2886400
2024-01-31,37.95000076293945,42.25,37.0099983215332,37.7599983215332,4941200
2024-02-01,40.220001220703125,41.5,38.880001068115234,39.75,2372400
2024-02-02,40.599998474121094,42.18000030517578,38.04999923706055,40.29999923706055,2266700
2024-02-05,47.58000183105469,47.58000183105469,40.630001068115234,41.7400016784668,6301500
2024-02-06,45.4900016784668,48.45000076293945,42.849998474121094,46.75,3473500
2024-02-07,45.63999938964844,46.79999923706055,43.68000030517578,45.54999923706055,1469700
2024-02-08,47.65999984741211,49.5,43.0,45.369998931884766,3565000
2024-02-09,47.029998779296875,48.279998779296875,44.459999084472656,47.720001220703125,2026000
2024-02-12,45.31999969482422,47.19499969482422,44.27000045776367,46.58000183105469,1360400
2024-02-13,41.31999969482422,44.58000183105469,40.400001525878906,44.58000183105469,1709700
2024-02-14,43.54999923706055,43.83000183105469,41.689998626708984,42.220001220703125,889300
2024-02-15,50.560001373291016,56.290000915527344,48.599998474121094,55.0,7279800
2024-02-16,48.540000915527344,50.70600128173828,48.18000030517578,50.0,1645900
2024-02-20,44.880001068115234,49.0,44.720001220703125,49.0,1501800
2024-02-21,43.15999984741211,44.849998474121094,42.09000015258789,44.5099983215332,977100
2024-02-22,46.68000030517578,46.75,43.29999923706055,43.9900016784668,1099400
2024-02-23,49.68000030517578,49.9900016784668,46.0,47.29999923706055,1993000
2024-02-26,47.22999954223633,48.58000183105469,46.439998626708984,47.86000061035156,1464600
2024-02-27,45.630001068115234,46.97999954223633,45.150001525878906,46.5,715700
2024-02-28,45.15999984741211,47.0099983215332,44.27000045776367,44.9900016784668,818700
2024-02-29,41.15999984741211,45.79999923706055,36.83000183105469,45.38999938964844,2962200
2024-03-01,38.939998626708984,40.77000045776367,37.0,38.47999954223633,2013900
2024-03-04,45.90999984741211,46.0,41.54999923706055,43.0,3787800
2024-03-05,46.5,49.91999816894531,44.31999969482422,49.02000045776367,3308300
2024-03-06,40.189998626708984,45.29999923706055,39.880001068115234,45.29999923706055,2349600
2024-03-07,41.27000045776367,42.141998291015625,40.54999923706055,41.68000030517578,1056000
2024-03-08,39.97999954223633,41.900001525878906,39.619998931884766,41.880001068115234,669100
2024-03-11,39.09000015258789,39.959999084472656,38.060001373291016,39.72999954223633,934500
2024-03-12,40.189998626708984,40.54999923706055,38.56999969482422,39.36000061035156,652900
2024-03-13,40.189998626708984,40.959999084472656,39.5099983215332,40.5,488200
2024-03-14,41.08000183105469,41.900001525878906,38.59000015258789,39.41999816894531,844000
2024-03-15,38.97999954223633,40.79999923706055,38.79999923706055,40.65999984741211,771600
2024-03-18,35.57500076293945,40.08000183105469,35.54999923706055,40.08000183105469,1595400
2024-03-19,36.41999816894531,37.0,32.099998474121094,35.0,1799600
2024-03-20,42.900001525878906,44.86000061035156,38.09000015258789,38.38999938964844,5094900
2024-03-21,42.810001373291016,47.189998626708984,40.0,44.70000076293945,3333000
2024-03-22,36.939998626708984,48.0099983215332,36.439998626708984,44.20000076293945,9845000
2024-03-25,49.95000076293945,52.79999923706055,38.54999923706055,40.5099983215332,21626400
2024-03-26,57.9900016784668,79.37999725341797,57.25,70.9000015258789,55523500
2024-03-27,66.22000122070312,71.93000030517578,62.29999923706055,70.80999755859375,32590500
2024-03-28,61.959999084472656,69.87000274658203,60.22999954223633,69.69999694824219,17156400
2024-04-01,48.65999984741211,61.0,45.2599983215332,59.83000183105469,17797600
2024-04-02,51.599998474121094,53.060001373291016,47.0,47.5099983215332,10867000
2024-04-03,48.810001373291016,52.75,48.04999923706055,51.040000915527344,5777400
2024-04-04,46.150001525878906,48.36000061035156,45.51300048828125,48.150001525878906,4693400
2024-04-05,40.59000015258789,45.7400016784668,40.0,44.79999923706055,5723200
2024-04-08,37.16999816894531,41.459999084472656,35.70000076293945,41.459999084472656,7573700
2024-04-09,37.470001220703125,38.20000076293945,35.38999938964844,37.119998931884766,4597400
2024-04-10,34.2599983215332,37.290000915527344,33.47700119018555,36.02000045776367,4246700
2024-04-11,32.40999984741211,34.678001403808594,32.150001525878906,34.279998779296875,3711700
2024-04-12,32.59000015258789,33.09000015258789,29.56999969482422,32.38999938964844,4908000
2024-04-15,26.610000610351562,29.760000228881836,26.25,28.3700008392334,7441100
2024-04-16,22.84000015258789,27.450000762939453,22.549999237060547,27.0,7207200
2024-04-17,26.399999618530273,28.290000915527344,22.850000381469727,24.260000228881836,13456300
2024-04-18,33.189998626708984,33.439998626708984,23.899999618530273,25.81999969482422,17866200
2024-04-19,36.380001068115234,37.189998626708984,32.66999816894531,36.95000076293945,14059500
2024-04-22,35.5,37.380001068115234,34.5099983215332,35.0,5211100
2024-04-23,32.56999969482422,36.38999938964844,31.200000762939453,35.5,6367700
2024-04-24,35.66999816894531,37.22999954223633,30.57699966430664,31.0,7740000
2024-04-25,38.4900016784668,39.400001525878906,36.310001373291016,37.0,6582200
2024-04-26,41.540000915527344,44.59000015258789,38.650001525878906,40.0,8820900
2024-04-29,46.689998626708984,47.189998626708984,41.15999984741211,41.15999984741211,10207600
2024-04-30,49.93000030517578,50.75,47.11000061035156,48.5,10135300
2024-05-01,45.130001068115234,54.97999954223633,44.650001525878906,53.369998931884766,9766100
2024-05-02,48.68000030517578,49.779998779296875,46.04999923706055,46.81999969482422,5196200
2024-05-03,47.93000030517578,48.92499923706055,44.290000915527344,47.470001220703125,5791100
2024-05-06,49.18000030517578,50.060001373291016,45.470001220703125,46.209999084472656,6137400
2024-05-07,47.66999816894531,49.720001220703125,46.61000061035156,48.9900016784668,3134300
2024-05-08,49.2599983215332,50.25,47.04999923706055,47.630001068115234,4001200
2024-05-09,54.38999938964844,55.25,48.29999923706055,49.560001373291016,7667300
2024-05-10,50.9900016784668,56.52000045776367,50.61000061035156,53.63999938964844,6575000
2024-05-13,51.650001525878906,56.54999923706055,51.20000076293945,53.34000015258789,6446700
2024-05-14,53.400001525878906,55.20000076293945,52.810001373291016,53.0,4031300
2024-05-15,52.5099983215332,54.599998474121094,51.439998626708984,54.040000915527344,3180500
2024-05-16,52.150001525878906,53.79999923706055,51.62300109863281,53.0,1942000
2024-05-17,50.915000915527344,52.584999084472656,48.58000183105469,51.47999954223633,2595900
2024-05-20,48.380001068115234,50.54999923706055,47.84000015258789,50.5099983215332,2817700
2024-05-21,44.189998626708984,48.38999938964844,42.209999084472656,48.18000030517578,3942700
2024-05-22,44.59000015258789,46.2400016784668,42.029998779296875,43.5099983215332,2506000
2024-05-23,43.90999984741211,46.13800048828125,43.77000045776367,45.290000915527344,1292000
2024-05-24,45.810001373291016,46.06999969482422,44.0,44.0,2016900
2024-05-28,49.93000030517578,50.45000076293945,45.3120002746582,45.9900016784668,3148500
2024-05-29,51.119998931884766,52.178001403808594,48.08000183105469,49.02000045776367,3166900
2024-05-30,51.84000015258789,52.75,50.66999816894531,51.5,2607100
2024-05-31,49.09000015258789,53.91999816894531,47.20000076293945,53.91999816894531,5953900
2024-06-03,46.7400016784668,50.619998931884766,46.5,49.13999938964844,2580800
2024-06-04,45.4900016784668,46.9900016784668,44.70000076293945,46.810001373291016,2659800
2024-06-05,46.75,47.0,44.880001068115234,45.7400016784668,2116300
2024-06-06,46.02000045776367,47.20000076293945,45.48500061035156,46.099998474121094,1460400
2024-06-07,44.59000015258789,46.0,44.465999603271484,45.400001525878906,1913000
2024-06-10,42.09000015258789,46.689998626708984,41.060001373291016,44.75,5431700
2024-06-11,39.310001373291016,42.4900016784668,38.5099983215332,41.599998474121094,3697700
2024-06-12,40.93000030517578,41.2400016784668,39.70000076293945,39.90999984741211,2083400
2024-06-13,39.93000030517578,41.66400146484375,39.029998779296875,41.0,2521600
2024-06-14,37.04999923706055,40.029998779296875,36.61199951171875,38.84000015258789,3151600
2024-06-17,34.720001220703125,37.0,34.5099983215332,36.68000030517578,4235700
2024-06-18,31.309999465942383,34.97999954223633,30.030000686645508,34.02000045776367,10014000
2024-06-20,26.75,29.368000030517578,26.1299991607666,28.760000228881836,13930000
2024-06-21,27.65999984741211,28.209999084472656,24.829999923706055,27.309999465942383,15308100
2024-06-24,33.52000045776367,36.09000015258789,28.68000030517578,29.709999084472656,23046000
2024-06-25,36.369998931884766,37.599998474121094,33.20000076293945,36.720001220703125,17264400
2024-06-26,39.25,39.41999816894531,33.70399856567383,34.900001525878906,12898100
2024-06-27,36.72999954223633,40.540000915527344,36.15999984741211,38.869998931884766,12583500
2024-06-28,32.75,39.939998626708984,31.549999237060547,39.779998779296875,29139800
2024-07-01,33.08000183105469,34.58000183105469,31.0,33.29999923706055,9556600
2024-07-02,31.729999542236328,33.08000183105469,31.31999969482422,32.22999954223633,4925600
2024-07-03,31.100000381469727,32.900001525878906,31.100000381469727,31.149999618530273,4163000
2024-07-05,29.170000076293945,30.59000015258789,28.700000762939453,30.48900032043457,6633600
2024-07-08,30.31999969482422,31.3700008392334,28.989999771118164,29.110000610351562,5948100
2024-07-09,29.899999618530273,31.420000076293945,29.6299991607666,30.790000915527344,4031000
2024-07-10,28.799999237060547,30.375999450683594,28.43000030517578,30.010000228881836,4619600
2024-07-11,29.860000610351562,30.309999465942383,28.981000900268555,29.139999389648438,4056500
2024-07-12,30.889999389648438,31.549999237060547,30.110000610351562,30.520000457763672,4469700
2024-07-15,40.58000183105469,46.27000045776367,38.060001373291016,46.20000076293945,80789400
2024-07-16,36.88999938964844,38.720001220703125,35.900001525878906,36.43000030517578,17631000
2024-07-17,36.439998626708984,39.20000076293945,35.810001373291016,36.47999954223633,11750600
2024-07-18,37.380001068115234,37.630001068115234,35.54999923706055,36.77000045776367,8268300
2024-07-19,34.9900016784668,37.20000076293945,34.11000061035156,37.0,8051500
2024-07-22,34.70000076293945,35.77000045776367,33.25,35.279998779296875,7244900
2024-07-23,32.90999984741211,34.0,32.439998626708984,33.68000030517578,4897000
2024-07-24,30.6200008392334,32.34000015258789,30.3700008392334,32.0,5027200
2024-07-25,31.049999237060547,31.579999923706055,29.75,30.030000686645508,4205600
2024-07-26,31.450000762939453,31.450000762939453,30.260000228881836,30.8799991607666,2370400
2024-07-29,30.149999618530273,31.03499984741211,29.6200008392334,30.989999771118164,3468300
2024-07-30,28.780000686645508,30.25,28.420000076293945,29.860000610351562,3457700
2024-07-31,28.739999771118164,29.285999298095703,28.549999237060547,28.709999084472656,2493700
2024-08-01,27.200000762939453,29.059999465942383,26.899999618530273,28.700000762939453,3530800
2024-08-02,29.209999084472656,29.459999084472656,25.8799991607666,26.280000686645508,6989900
2024-08-05,26.979999542236328,27.875999450683594,25.399999618530273,25.5,3706000
2024-08-06,27.110000610351562,27.65999984741211,26.6299991607666,27.0,2772100
2024-08-07,25.719999313354492,27.15999984741211,25.200000762939453,27.0,3016500
2024-08-08,26.34000015258789,26.65999984741211,25.100000381469727,25.719999313354492,2556200
2024-08-09,26.209999084472656,26.5,25.959999084472656,26.5,1820200
2024-08-12,24.8799991607666,27.18000030517578,24.200000762939453,25.420000076293945,6237200
2024-08-13,23.979999542236328,24.700000762939453,23.209999084472656,24.010000228881836,6243800
2024-08-14,23.969999313354492,24.190000534057617,23.329999923706055,23.799999237060547,2125300
2024-08-15,23.56999969482422,25.049999237060547,23.43000030517578,24.059999465942383,4547300
2024-08-16,23.059999465942383,23.940000534057617,23.0310001373291,23.719999313354492,4226200
2024-08-19,22.239999771118164,23.1200008392334,22.18000030517578,23.100000381469727,4975200
2024-08-20,21.415000915527344,22.389999389648438,21.329999923706055,22.200000762939453,3980000
2024-08-21,24.200000762939453,24.829999923706055,21.420000076293945,21.5,12677900
2024-08-22,22.700000762939453,25.079999923706055,22.670000076293945,24.93000030517578,6360000
2024-08-23,22.809999465942383,23.56999969482422,22.25,22.8799991607666,7426600
2024-08-26,21.719999313354492,23.149999618530273,21.65999984741211,23.0,4592700
2024-08-27,20.989999771118164,21.75,20.90999984741211,21.75,4251300
2024-08-28,20.100000381469727,20.729999542236328,19.3799991607666,20.610000610351562,5135400
2024-08-29,19.84000015258789,21.09000015258789,19.739999771118164,20.3799991607666,4333700
2024-08-30,19.5,20.200000762939453,19.329999923706055,19.93000030517578,4180700
2024-09-03,18.079999923706055,19.604999542236328,17.719999313354492,19.540000915527344,5656800
2024-09-04,16.979999542236328,18.229999542236328,16.954999923706055,17.899999618530273,5420900
2024-09-05,17.399999618530273,17.75,16.700000762939453,17.0,5963400
2024-09-06,17.100000381469727,17.8700008392334,16.81999969482422,17.270000457763672,5933100
2024-09-09,18.040000915527344,19.059999465942383,17.639999389648438,17.670000076293945,10855300
2024-09-10,18.6299991607666,20.100000381469727,17.780000686645508,18.479999542236328,18892000
2024-09-11,16.68000030517578,16.799999237060547,15.300000190734863,15.770000457763672,17106600
2024-09-12,16.075000762939453,16.34000015258789,15.460000038146973,16.290000915527344,7071200
2024-09-13,17.969999313354492,20.860000610351562,16.059999465942383,16.1200008392334,25254300
2024-09-16,17.280000686645508,18.450000762939453,17.059999465942383,18.350000381469727,9320800
2024-09-17,16.139999389648438,17.09000015258789,16.100000381469727,17.0,7448900
2024-09-18,15.619999885559082,16.149999618530273,15.40999984741211,16.049999237060547,8404200
2024-09-19,14.699999809265137,15.369999885559082,14.5600004196167,15.100000381469727,14347500
2024-09-20,13.550000190734863,14.385000228881836,13.5,14.0,21995200
2024-09-23,12.149999618530273,13.739999771118164,12.119999885559082,13.649999618530273,19516700
2024-09-24,12.789999961853027,13.005000114440918,11.75,12.229999542236328,21770500
2024-09-25,14.130000114440918,14.479999542236328,13.0,13.4399995803833,25603200
2024-09-26,13.979999542236328,14.3100004196167,13.199999809265137,13.579999923706055,14625900
2024-09-27,14.75,15.359999656677246,13.8100004196167,13.90999984741211,19624900
2024-09-30,16.06999969482422,16.295000076293945,14.869999885559082,15.039999961853027,17891200
2024-10-01,16.15999984741211,17.280000686645508,15.609999656677246,17.229999542236328,22764900
2024-10-02,15.8100004196167,16.329999923706055,15.069999694824219,15.920000076293945,11536300
2024-10-03,16.170000076293945,16.559999465942383,15.529999732971191,15.550000190734863,9714500
2024-10-04,16.5,16.75,15.739999771118164,16.06999969482422,9954600
2024-10-07,18.389999389648438,19.68000030517578,16.75,16.809999465942383,31127400
2024-10-08,21.799999237060547,22.1200008392334,18.31999969482422,19.049999237060547,47265200
2024-10-09,20.56999969482422,21.649999618530273,19.610000610351562,20.96500015258789,23227400
2024-10-10,24.1200008392334,24.5,20.690000534057617,20.729999542236328,44719200
2024-10-11,25.280000686645508,27.239999771118164,24.469999313354492,25.90999984741211,48240900
2024-10-14,29.950000762939453,30.469999313354492,25.25,25.260000228881836,59222400
2024-10-15,27.059999465942383,33.849998474121094,25.110000610351562,32.189998626708984,99366100
2024-10-16,31.260000228881836,31.5049991607666,27.299999237060547,28.950000762939453,57721000
2024-10-17,29.899999618530273,31.18000030517578,28.510000228881836,31.020000457763672,34816500
2024-10-18,29.579999923706055,30.940000534057617,29.18000030517578,29.270000457763672,27085500
2024-10-21,31.299999237060547,31.649999618530273,29.31999969482422,29.989999771118164,36692600
2024-10-22,34.38999938964844,34.58000183105469,31.31999969482422,32.07500076293945,55305500
2024-10-23,35.90999984741211,36.77000045776367,34.53499984741211,35.470001220703125,53444000
2024-10-24,34.95000076293945,36.349998474121094,33.084999084472656,34.66999816894531,42145600
2024-10-25,38.95000076293945,39.45000076293945,35.06999969482422,35.2400016784668,56483600
2024-10-28,47.36000061035156,47.68000030517578,41.25,42.16999816894531,110354400
2024-10-29,51.5099983215332,54.68000030517578,43.52000045776367,53.75,167348300
2024-10-30,40.029998779296875,49.869998931884766,38.959999084472656,47.529998779296875,119386100
2024-10-31,35.34000015258789,43.86000061035156,33.40999984741211,41.91999816894531,98041900
2024-11-01,30.559999465942383,35.68000030517578,30.030000686645508,33.119998931884766,75601100
2024-11-04,34.34000015258789,35.7599983215332,28.8799991607666,30.34000015258789,120921600
2024-11-05,33.939998626708984,40.7400016784668,31.450000762939453,37.52000045776367,169088200
2024-11-06,35.95500183105469,45.77000045776367,34.130001068115234,44.459999084472656,176214200
2024-11-07,27.69499969482422,31.959999084472656,27.610000610351562,30.940000534057617,80926800
2024-11-08,31.90999984741211,33.029998779296875,26.700000762939453,28.170000076293945,103635400
2024-11-11,33.40999984741211,34.400001525878906,31.6200008392334,33.45000076293945,53614700
2024-11-12,30.469999313354492,32.0,30.0,31.719999313354492,28510800
2024-11-13,28.93000030517578,31.219999313354492,28.799999237060547,30.96500015258789,20820400
2024-11-14,26.989999771118164,29.780000686645508,26.360000610351562,29.725000381469727,24953200
2024-11-15,28.100000381469727,28.8799991607666,26.809999465942383,26.905000686645508,19285000
2024-11-18,32.779998779296875,33.77000045776367,26.559999465942383,27.915000915527344,41652100
2024-11-19,29.8700008392334,30.829999923706055,29.104999542236328,30.0,23415700
2024-11-20,30.100000381469727,31.450000762939453,30.0,30.540000915527344,13727800
2024-11-21,30.489999771118164,31.878999710083008,28.760000228881836,30.040000915527344,20050100
2024-11-22,30.770000457763672,31.579999923706055,30.43000030517578,31.0049991607666,16105700
2024-11-25,30.75,31.25,29.829999923706055,30.770000457763672,12332000
2024-11-26,30.510000228881836,31.639999389648438,30.110000610351562,30.139999389648438,9089300
2024-11-27,30.440000534057617,30.989999771118164,29.889999389648438,30.540000915527344,8228600
2024-11-29,31.600000381469727,32.36000061035156,30.170000076293945,30.299999237060547,10954800
2024-12-02,32.4900016784668,33.029998779296875,31.079999923706055,31.864999771118164,15469200
2024-12-03,33.65999984741211,34.439998626708984,32.00199890136719,32.04999923706055,17745500
2024-12-04,35.2599983215332,35.849998474121094,33.209999084472656,33.849998474121094,18193200
2024-12-05,33.7400016784668,36.7599983215332,33.65999984741211,36.290000915527344,17205300
2024-12-06,34.7400016784668,35.150001525878906,33.400001525878906,33.79999923706055,10089700
2024-12-09,35.34000015258789,36.18000030517578,34.62200164794922,35.029998779296875,11152800
2024-12-10,34.15999984741211,36.09000015258789,32.709999084472656,35.2400016784668,10737800
2024-12-11,36.22999954223633,36.290000915527344,33.56999969482422,34.0,11198200
2024-12-12,36.20000076293945,37.61000061035156,35.279998779296875,36.040000915527344,15814900
2024-12-13,36.59000015258789,37.349998474121094,36.06999969482422,36.29999923706055,10797300
2024-12-16,38.5,38.65999984741211,36.7400016784668,37.040000915527344,15342100
2024-12-17,38.0099983215332,38.82899856567383,37.02000045776367,38.470001220703125,9099900
2024-12-18,35.31999969482422,38.654998779296875,34.380001068115234,37.80500030517578,13130300
2024-12-19,35.40999984741211,36.63999938964844,34.91999816894531,35.5,8413000
2024-12-20,34.709999084472656,35.189998626708984,32.75,34.11000061035156,15300700
2024-12-23,35.22999954223633,35.630001068115234,33.70000076293945,34.45000076293945,5889500
2024-12-24,35.790000915527344,36.150001525878906,35.06999969482422,35.220001220703125,3411000
2024-12-26,37.029998779296875,37.29999923706055,35.58000183105469,35.58000183105469,7292100
2024-12-27,36.08000183105469,37.08000183105469,35.85499954223633,36.939998626708984,6427100
2024-12-30,34.439998626708984,35.0,33.40999984741211,34.999000549316406,4262170
