2022-08-12 00:00:00+00:00,65.45755767822266,66.12000274658203,68.0,65.80000305175781,68.0,5364
2022-08-15 00:00:00+00:00,66.4475326538086,67.12000274658203,70.0,66.5199966430664,68.95999908447266,1857
2022-08-16 00:00:00+00:00,66.3287353515625,67.0,67.5,65.63999938964844,67.5,6099
2022-08-17 00:00:00+00:00,66.82372283935547,67.5,67.5,65.44000244140625,67.0,5154
2022-08-18 00:00:00+00:00,66.03173065185547,66.69999694824219,66.69999694824219,65.83999633789062,65.86000061035156,2073
2022-08-19 00:00:00+00:00,64.62596893310547,65.27999877929688,66.41999816894531,65.19999694824219,66.41999816894531,1970
2022-08-22 00:00:00+00:00,62.96279525756836,63.599998474121094,66.76000213623047,63.0,66.76000213623047,2012
2022-08-23 00:00:00+00:00,62.82419967651367,63.459999084472656,63.81999969482422,63.0,63.220001220703125,2505
2022-08-24 00:00:00+00:00,64.34877014160156,65.0,65.0,62.68000030517578,63.400001525878906,5088
2022-08-25 00:00:00+00:00,63.913177490234375,64.55999755859375,65.05999755859375,64.0,64.80000305175781,281
2022-08-26 00:00:00+00:00,63.3389892578125,63.97999954223633,65.27999877929688,62.79999923706055,65.27999877929688,2726
2022-08-29 00:00:00+00:00,61.81441879272461,62.439998626708984,63.040000915527344,61.91999816894531,63.040000915527344,469
2022-08-30 00:00:00+00:00,60.270050048828125,60.880001068115234,62.540000915527344,60.880001068115234,62.380001068115234,930
2022-08-31 00:00:00+00:00,59.39886474609375,60.0,62.0,60.0,62.0,3466
2022-09-01 00:00:00+00:00,59.39886474609375,60.0,60.02000045776367,58.20000076293945,60.0,4787
2022-09-02 00:00:00+00:00,63.358787536621094,64.0,64.0,59.0,59.34000015258789,2955
2022-09-05 00:00:00+00:00,59.39886474609375,60.0,65.0,60.0,65.0,2904
2022-09-06 00:00:00+00:00,62.309410095214844,62.939998626708984,62.939998626708984,61.7400016784668,61.84000015258789,1040
2022-09-07 00:00:00+00:00,64.34877014160156,65.0,65.0,62.279998779296875,62.939998626708984,1002
2022-09-08 00:00:00+00:00,64.21017456054688,64.86000061035156,64.86000061035156,61.959999084472656,62.63999938964844,7797
2022-09-09 00:00:00+00:00,63.536983489990234,64.18000030517578,64.54000091552734,63.560001373291016,64.5,1414
2022-09-12 00:00:00+00:00,63.358787536621094,64.0,65.73999786376953,64.0,65.0,3868
2022-09-13 00:00:00+00:00,63.853782653808594,64.5,67.05999755859375,64.5,65.80000305175781,2996
2022-09-14 00:00:00+00:00,63.73497772216797,64.37999725341797,64.5999984741211,63.68000030517578,64.12000274658203,1654
2022-09-15 00:00:00+00:00,63.0419921875,63.68000030517578,65.22000122070312,63.68000030517578,65.0,1807
2022-09-16 00:00:00+00:00,65.39814758300781,66.05999755859375,66.05999755859375,63.31999969482422,63.68000030517578,260398
2022-09-19 00:00:00+00:00,64.07157135009766,64.72000122070312,65.63999938964844,63.939998626708984,65.5999984741211,13032
2022-09-20 00:00:00+00:00,63.635982513427734,64.27999877929688,65.68000030517578,63.58000183105469,64.72000122070312,23933
2022-09-21 00:00:00+00:00,64.46757507324219,65.12000274658203,65.31999969482422,63.2400016784668,63.380001068115234,17588
2022-09-22 00:00:00+00:00,63.220191955566406,63.86000061035156,65.0,63.5,63.7599983215332,14248
2022-09-23 00:00:00+00:00,60.98283004760742,61.599998474121094,64.12000274658203,61.2400016784668,64.12000274658203,17901
2022-09-26 00:00:00+00:00,64.32897186279297,64.9800033569336,64.9800033569336,60.91999816894531,61.779998779296875,295783
2022-09-27 00:00:00+00:00,64.52696990966797,65.18000030517578,66.30000305175781,63.560001373291016,64.80000305175781,197615
2022-09-28 00:00:00+00:00,64.52696990966797,65.18000030517578,65.30000305175781,61.5,64.76000213623047,94666
2022-09-29 00:00:00+00:00,63.358787536621094,64.0,65.27999877929688,62.29999923706055,64.81999969482422,125625
2022-09-30 00:00:00+00:00,64.82396697998047,65.4800033569336,65.69999694824219,62.84000015258789,64.16000366210938,296178
2022-10-03 00:00:00+00:00,64.1507797241211,64.80000305175781,65.4800033569336,63.099998474121094,64.0999984741211,186696
2022-10-04 00:00:00+00:00,66.88312530517578,67.55999755859375,67.55999755859375,65.08000183105469,65.77999877929688,264645
2022-10-05 00:00:00+00:00,65.9327392578125,66.5999984741211,67.22000122070312,65.81999969482422,66.41999816894531,163582
2022-10-06 00:00:00+00:00,66.3287353515625,67.0,67.4000015258789,65.87999725341797,67.04000091552734,150255
2022-10-07 00:00:00+00:00,65.20015716552734,65.86000061035156,67.05999755859375,65.63999938964844,66.30000305175781,139106
2022-10-10 00:00:00+00:00,65.45755767822266,66.12000274658203,66.5,65.37999725341797,65.5,86826
2022-10-11 00:00:00+00:00,65.69514465332031,66.36000061035156,66.62000274658203,63.880001068115234,65.66000366210938,109481
2022-10-12 00:00:00+00:00,64.80416107177734,65.45999908447266,66.45999908447266,64.80000305175781,65.54000091552734,165179
2022-10-13 00:00:00+00:00,65.71493530273438,66.37999725341797,66.9000015258789,63.599998474121094,65.73999786376953,198290
2022-10-14 00:00:00+00:00,65.57634735107422,66.23999786376953,67.80000305175781,65.91999816894531,66.5,152748
2022-10-17 00:00:00+00:00,66.56632995605469,67.23999786376953,67.63999938964844,65.69999694824219,66.66000366210938,112681
2022-10-18 00:00:00+00:00,67.59590911865234,68.27999877929688,69.72000122070312,66.9800033569336,66.9800033569336,181751
2022-10-19 00:00:00+00:00,67.45730590820312,68.13999938964844,69.13999938964844,67.87999725341797,68.27999877929688,167624
2022-10-20 00:00:00+00:00,67.99190521240234,68.68000030517578,69.19999694824219,67.72000122070312,69.19999694824219,110032
2022-10-21 00:00:00+00:00,66.36833190917969,67.04000091552734,67.95999908447266,66.80000305175781,67.66000366210938,133230
2022-10-24 00:00:00+00:00,66.66532135009766,67.33999633789062,68.13999938964844,66.45999908447266,67.4000015258789,156796
2022-10-25 00:00:00+00:00,66.90292358398438,67.58000183105469,67.9800033569336,66.5,66.5,119891
2022-10-26 00:00:00+00:00,66.78412628173828,67.45999908447266,68.12000274658203,66.62000274658203,67.31999969482422,112130
2022-10-27 00:00:00+00:00,67.55630493164062,68.23999786376953,68.5,66.87999725341797,67.5,128172
2022-10-28 00:00:00+00:00,66.58612823486328,67.26000213623047,67.86000061035156,66.62000274658203,67.63999938964844,133247
2022-10-31 00:00:00+00:00,67.31871795654297,68.0,68.62000274658203,66.87999725341797,67.37999725341797,201827
2022-11-01 00:00:00+00:00,67.12071990966797,67.80000305175781,69.26000213623047,67.69999694824219,68.4000015258789,109396
2022-11-02 00:00:00+00:00,66.86331939697266,67.54000091552734,68.86000061035156,67.54000091552734,67.91999816894531,138625
2022-11-03 00:00:00+00:00,66.88312530517578,67.55999755859375,67.94000244140625,65.80000305175781,66.95999908447266,143628
2022-11-04 00:00:00+00:00,67.93250274658203,68.62000274658203,69.18000030517578,67.5999984741211,67.66000366210938,171859
2022-11-07 00:00:00+00:00,68.15029907226562,68.83999633789062,69.0,67.5199966430664,68.5,142906
2022-11-08 00:00:00+00:00,69.14027404785156,69.83999633789062,69.87999725341797,67.81999969482422,67.83999633789062,142145
2022-11-09 00:00:00+00:00,69.16007995605469,69.86000061035156,70.19999694824219,69.37999725341797,69.45999908447266,144563
2022-11-10 00:00:00+00:00,70.01146697998047,70.72000122070312,71.44000244140625,69.31999969482422,69.4800033569336,169851
2022-11-11 00:00:00+00:00,71.15984344482422,71.87999725341797,72.23999786376953,70.45999908447266,71.0199966430664,301228
2022-11-14 00:00:00+00:00,70.98163604736328,71.69999694824219,72.36000061035156,71.5199966430664,72.27999877929688,191299
2022-11-15 00:00:00+00:00,70.9222412109375,71.63999938964844,72.30000305175781,70.31999969482422,70.62000274658203,155737
2022-11-16 00:00:00+00:00,70.28865814208984,71.0,71.77999877929688,70.86000061035156,71.30000305175781,271213
2022-11-17 00:00:00+00:00,71.47663116455078,72.19999694824219,72.19999694824219,70.77999877929688,71.23999786376953,167230
2022-11-18 00:00:00+00:00,73.17939758300781,73.91999816894531,74.04000091552734,71.68000030517578,72.4000015258789,201441
2022-11-21 00:00:00+00:00,73.27839660644531,74.0199966430664,74.23999786376953,73.19999694824219,73.76000213623047,126053
2022-11-22 00:00:00+00:00,73.43679809570312,74.18000030517578,74.31999969482422,73.62000274658203,74.0199966430664,111921
2022-11-23 00:00:00+00:00,73.75359344482422,74.5,74.5,73.73999786376953,74.19999694824219,99188
2022-11-24 00:00:00+00:00,74.010986328125,74.76000213623047,75.63999938964844,74.45999908447266,74.5999984741211,69023
2022-11-25 00:00:00+00:00,74.2287826538086,74.9800033569336,75.4000015258789,74.05999755859375,74.63999938964844,58569
2022-11-28 00:00:00+00:00,73.75359344482422,74.5,75.0,73.77999877929688,74.62000274658203,119435
2022-11-29 00:00:00+00:00,73.15960693359375,73.9000015258789,74.73999786376953,73.55999755859375,73.76000213623047,106160
2022-11-30 00:00:00+00:00,74.3277816772461,75.08000183105469,75.08000183105469,73.83999633789062,73.83999633789062,555005
2022-12-01 00:00:00+00:00,76.05034637451172,76.81999969482422,76.81999969482422,75.68000030517578,76.0,193627
2022-12-02 00:00:00+00:00,75.63455963134766,76.4000015258789,76.55999755859375,75.26000213623047,75.69999694824219,131723
2022-12-05 00:00:00+00:00,75.49595642089844,76.26000213623047,76.68000030517578,75.83999633789062,75.83999633789062,150288
2022-12-06 00:00:00+00:00,75.00096893310547,75.76000213623047,76.55999755859375,75.54000091552734,76.18000030517578,173910
2022-12-07 00:00:00+00:00,72.90220642089844,73.63999938964844,76.36000061035156,73.63999938964844,76.36000061035156,203217
2022-12-08 00:00:00+00:00,72.94180297851562,73.68000030517578,74.5999984741211,73.31999969482422,73.4000015258789,174334
2022-12-09 00:00:00+00:00,73.08039855957031,73.81999969482422,74.30000305175781,73.31999969482422,73.9800033569336,136269
2022-12-12 00:00:00+00:00,71.45683288574219,72.18000030517578,74.81999969482422,72.18000030517578,74.81999969482422,161199
2022-12-13 00:00:00+00:00,72.03102111816406,72.76000213623047,73.80000305175781,71.72000122070312,72.30000305175781,149171
2022-12-14 00:00:00+00:00,71.43704223632812,72.16000366210938,72.9000015258789,72.0199966430664,72.5199966430664,130010
2022-12-15 00:00:00+00:00,70.74404907226562,71.45999908447266,72.27999877929688,71.30000305175781,72.0,182486
2022-12-16 00:00:00+00:00,68.50668334960938,69.19999694824219,71.44000244140625,69.19999694824219,71.44000244140625,1217967
2022-12-19 00:00:00+00:00,68.58589172363281,69.27999877929688,70.69999694824219,69.18000030517578,69.73999786376953,162576
2022-12-20 00:00:00+00:00,67.65530395507812,68.33999633789062,69.27999877929688,67.95999908447266,69.0,164547
2022-12-21 00:00:00+00:00,68.62548828125,69.31999969482422,69.72000122070312,68.36000061035156,68.62000274658203,163719
2022-12-22 00:00:00+00:00,67.12071990966797,67.80000305175781,69.76000213623047,67.5999984741211,69.76000213623047,97624
2022-12-23 00:00:00+00:00,68.03150177001953,68.72000122070312,68.80000305175781,67.86000061035156,68.76000213623047,118664
2022-12-27 00:00:00+00:00,68.36809539794922,69.05999755859375,69.54000091552734,68.87999725341797,69.5199966430664,82031
2022-12-28 00:00:00+00:00,67.59590911865234,68.27999877929688,69.05999755859375,68.19999694824219,68.86000061035156,136852
2022-12-29 00:00:00+00:00,68.28889465332031,68.9800033569336,69.13999938964844,67.9000015258789,68.95999908447266,89683
2022-12-30 00:00:00+00:00,67.61570739746094,68.30000305175781,69.12000274658203,68.04000091552734,68.23999786376953,103114
2023-01-02 00:00:00+00:00,69.45707702636719,70.16000366210938,70.45999908447266,68.72000122070312,69.05999755859375,113117
2023-01-03 00:00:00+00:00,69.7342758178711,70.44000244140625,71.44000244140625,69.91999816894531,69.91999816894531,168044
2023-01-04 00:00:00+00:00,70.36785888671875,71.08000183105469,71.5,70.26000213623047,71.0199966430664,121521
2023-01-05 00:00:00+00:00,70.20945739746094,70.91999816894531,71.41999816894531,70.4000015258789,70.4000015258789,122471
2023-01-06 00:00:00+00:00,71.1004409790039,71.81999969482422,71.95999908447266,70.58000183105469,71.83999633789062,127974
2023-01-09 00:00:00+00:00,72.13002014160156,72.86000061035156,73.0999984741211,71.9800033569336,71.9800033569336,187333
2023-01-10 00:00:00+00:00,71.57563781738281,72.30000305175781,73.22000122070312,72.16000366210938,72.83999633789062,163792
2023-01-11 00:00:00+00:00,71.25884246826172,71.9800033569336,73.0,71.9000015258789,72.31999969482422,186167
2023-01-12 00:00:00+00:00,71.9320297241211,72.66000366210938,73.05999755859375,72.08000183105469,72.44000244140625,224182
2023-01-13 00:00:00+00:00,72.11022186279297,72.83999633789062,73.0999984741211,71.4800033569336,73.0999984741211,145693
2023-01-16 00:00:00+00:00,73.04080200195312,73.77999877929688,74.23999786376953,73.0199966430664,73.04000091552734,202620
2023-01-17 00:00:00+00:00,72.82300567626953,73.55999755859375,74.37999725341797,73.18000030517578,74.37999725341797,186490
2023-01-18 00:00:00+00:00,72.76361083984375,73.5,73.91999816894531,72.94000244140625,73.5999984741211,100931
2023-01-19 00:00:00+00:00,70.74404907226562,71.45999908447266,73.16000366210938,71.45999908447266,72.91999816894531,159326
2023-01-20 00:00:00+00:00,71.06084442138672,71.77999877929688,72.08000183105469,71.19999694824219,71.69999694824219,162049
2023-01-23 00:00:00+00:00,71.4964370727539,72.22000122070312,72.5999984741211,71.5,71.9000015258789,103890
2023-01-24 00:00:00+00:00,71.27864074707031,72.0,72.68000030517578,71.54000091552734,72.27999877929688,134190
2023-01-25 00:00:00+00:00,70.96184539794922,71.68000030517578,71.95999908447266,71.08000183105469,71.41999816894531,180020
2023-01-26 00:00:00+00:00,71.69442749023438,72.41999816894531,72.63999938964844,71.69999694824219,71.69999694824219,141133
2023-01-27 00:00:00+00:00,72.46660614013672,73.19999694824219,73.5,72.41999816894531,73.45999908447266,154186
2023-01-30 00:00:00+00:00,72.32801818847656,73.05999755859375,73.55999755859375,72.83999633789062,72.94000244140625,179676
2023-01-31 00:00:00+00:00,72.14981842041016,72.87999725341797,73.33999633789062,71.87999725341797,73.0,202182
2023-02-01 00:00:00+00:00,72.36762237548828,73.0999984741211,73.68000030517578,72.83999633789062,73.0199966430664,160811
2023-02-02 00:00:00+00:00,74.58517456054688,75.33999633789062,75.72000122070312,73.4000015258789,73.4000015258789,236154
2023-02-03 00:00:00+00:00,74.60497283935547,75.36000061035156,75.41999816894531,74.5999984741211,74.72000122070312,154916
2023-02-06 00:00:00+00:00,73.99118041992188,74.73999786376953,74.91999816894531,74.0199966430664,74.76000213623047,119229
2023-02-07 00:00:00+00:00,74.07038879394531,74.81999969482422,74.95999908447266,74.37999725341797,74.94000244140625,125765
2023-02-08 00:00:00+00:00,74.64457702636719,75.4000015258789,75.63999938964844,74.77999877929688,75.04000091552734,130100
2023-02-09 00:00:00+00:00,75.29795837402344,76.05999755859375,76.33999633789062,75.0199966430664,75.0199966430664,150126
2023-02-10 00:00:00+00:00,74.60497283935547,75.36000061035156,76.87999725341797,75.36000061035156,76.0,147782
2023-02-13 00:00:00+00:00,75.25835418701172,76.0199966430664,76.0199966430664,75.44000244140625,75.5999984741211,81351
2023-02-14 00:00:00+00:00,75.09996032714844,75.86000061035156,76.73999786376953,75.83999633789062,76.27999877929688,146946
2023-02-15 00:00:00+00:00,76.10974884033203,76.87999725341797,76.9800033569336,75.83999633789062,75.86000061035156,102660
2023-02-16 00:00:00+00:00,75.95135498046875,76.72000122070312,77.5199966430664,75.72000122070312,77.16000366210938,126072
2023-02-17 00:00:00+00:00,75.41675567626953,76.18000030517578,76.73999786376953,75.66000366210938,76.54000091552734,183789
2023-02-20 00:00:00+00:00,75.45635986328125,76.22000122070312,76.80000305175781,75.95999908447266,76.18000030517578,89363
2023-02-21 00:00:00+00:00,74.88216400146484,75.63999938964844,76.4000015258789,75.27999877929688,75.86000061035156,142979
2023-02-22 00:00:00+00:00,75.19895935058594,75.95999908447266,76.13999938964844,74.94000244140625,75.63999938964844,158432
2023-02-23 00:00:00+00:00,76.44634246826172,77.22000122070312,77.26000213623047,76.05999755859375,76.05999755859375,210299
2023-02-24 00:00:00+00:00,75.9315414428711,76.69999694824219,78.45999908447266,76.26000213623047,77.55999755859375,224824
2023-02-27 00:00:00+00:00,76.604736328125,77.37999725341797,77.73999786376953,77.0,77.31999969482422,89538
2023-02-28 00:00:00+00:00,77.17892456054688,77.95999908447266,78.26000213623047,76.26000213623047,76.95999908447266,324386
2023-03-01 00:00:00+00:00,77.47592163085938,78.26000213623047,78.63999938964844,77.69999694824219,77.73999786376953,160939
2023-03-02 00:00:00+00:00,77.83231353759766,78.62000274658203,78.62000274658203,77.23999786376953,77.5199966430664,95687
2023-03-03 00:00:00+00:00,79.6934814453125,80.5,80.54000091552734,78.86000061035156,79.0,156496
2023-03-06 00:00:00+00:00,79.55487823486328,80.36000061035156,81.19999694824219,80.0,80.58000183105469,172535
2023-03-07 00:00:00+00:00,78.8816909790039,79.68000030517578,80.77999877929688,79.68000030517578,80.55999755859375,103313
2023-03-08 00:00:00+00:00,79.4162826538086,80.22000122070312,80.45999908447266,79.0,79.0,117457
2023-03-09 00:00:00+00:00,79.04008483886719,79.83999633789062,80.05999755859375,79.27999877929688,79.55999755859375,138041
2023-03-10 00:00:00+00:00,77.57491302490234,78.36000061035156,78.87999725341797,77.41999816894531,78.5,175116
2023-03-13 00:00:00+00:00,74.09017944335938,74.83999633789062,78.27999877929688,74.4800033569336,78.27999877929688,250373
2023-03-14 00:00:00+00:00,75.00096893310547,75.76000213623047,76.08000183105469,74.05999755859375,74.58000183105469,216959
2023-03-15 00:00:00+00:00,71.3380355834961,72.05999755859375,76.55999755859375,71.73999786376953,76.55999755859375,334174
2023-03-16 00:00:00+00:00,73.7337875366211,74.4800033569336,74.69999694824219,72.13999938964844,73.80000305175781,212721
2023-03-17 00:00:00+00:00,72.05082702636719,72.77999877929688,75.13999938964844,72.19999694824219,73.12000274658203,390110
2023-03-20 00:00:00+00:00,73.47640228271484,74.22000122070312,74.83999633789062,71.30000305175781,72.0199966430664,167870
2023-03-21 00:00:00+00:00,74.4267807006836,75.18000030517578,76.5199966430664,75.16000366210938,75.68000030517578,161299
2023-03-22 00:00:00+00:00,74.24858093261719,75.0,75.5199966430664,74.86000061035156,75.5199966430664,76065
2023-03-23 00:00:00+00:00,73.47640228271484,74.22000122070312,74.86000061035156,73.23999786376953,74.69999694824219,86384
2023-03-24 00:00:00+00:00,72.34781646728516,73.08000183105469,74.4000015258789,72.4000015258789,74.4000015258789,165455
2023-03-27 00:00:00+00:00,72.94180297851562,73.68000030517578,74.86000061035156,73.44000244140625,74.16000366210938,98888
2023-03-28 00:00:00+00:00,72.82300567626953,73.55999755859375,74.69999694824219,73.5,73.87999725341797,101420
2023-03-29 00:00:00+00:00,74.2287826538086,74.9800033569336,75.08000183105469,73.80000305175781,73.80000305175781,82660
2023-03-30 00:00:00+00:00,74.62477111816406,75.37999725341797,76.19999694824219,75.31999969482422,75.41999816894531,83327
2023-03-31 00:00:00+00:00,75.08016204833984,75.83999633789062,75.9800033569336,75.36000061035156,75.37999725341797,146565
2023-04-03 00:00:00+00:00,74.76336669921875,75.5199966430664,76.19999694824219,75.18000030517578,76.0,216827
2023-04-04 00:00:00+00:00,75.73355102539062,76.5,77.66000366210938,76.23999786376953,76.87999725341797,171606
2023-04-05 00:00:00+00:00,74.6841812133789,75.44000244140625,77.0,75.31999969482422,76.81999969482422,96521
2023-04-06 00:00:00+00:00,74.98116302490234,75.73999786376953,76.0,75.0199966430664,75.5,109712
2023-04-11 00:00:00+00:00,75.77315521240234,76.54000091552734,77.33999633789062,76.13999938964844,76.9800033569336,133284
2023-04-12 00:00:00+00:00,75.87214660644531,76.63999938964844,77.72000122070312,76.54000091552734,76.5999984741211,182394
2023-04-13 00:00:00+00:00,76.26815032958984,77.04000091552734,77.08000183105469,76.44000244140625,76.5999984741211,142006
2023-04-14 00:00:00+00:00,77.00072479248047,77.77999877929688,77.91999816894531,77.0199966430664,77.12000274658203,133417
2023-04-17 00:00:00+00:00,76.07014465332031,76.83999633789062,78.0,76.4000015258789,78.0,166244
2023-04-18 00:00:00+00:00,77.29772186279297,78.08000183105469,78.31999969482422,75.5199966430664,75.91999816894531,174035
2023-04-19 00:00:00+00:00,77.1195297241211,77.9000015258789,78.0999984741211,77.44000244140625,78.0,101245
2023-04-20 00:00:00+00:00,73.77338409423828,74.5199966430664,77.9000015258789,74.16000366210938,77.9000015258789,237649
2023-04-21 00:00:00+00:00,74.3277816772461,75.08000183105469,75.31999969482422,74.19999694824219,74.81999969482422,139418
2023-04-24 00:00:00+00:00,74.74357604980469,75.5,75.76000213623047,74.44000244140625,74.77999877929688,136405
2023-04-25 00:00:00+00:00,73.91199493408203,74.66000366210938,75.37999725341797,74.58000183105469,75.37999725341797,117635
2023-04-26 00:00:00+00:00,73.04080200195312,73.77999877929688,74.58000183105469,73.68000030517578,74.4000015258789,168295
2023-04-27 00:00:00+00:00,72.76361083984375,73.5,74.04000091552734,73.31999969482422,73.33999633789062,137853
2023-04-28 00:00:00+00:00,73.7337875366211,74.4800033569336,74.5199966430664,72.44000244140625,73.5,170102
2023-05-02 00:00:00+00:00,73.00120544433594,73.73999786376953,74.87999725341797,73.4800033569336,74.5999984741211,198124
2023-05-03 00:00:00+00:00,73.81298828125,74.55999755859375,74.73999786376953,73.80000305175781,73.95999908447266,120154
2023-05-04 00:00:00+00:00,73.65459442138672,74.4000015258789,74.95999908447266,73.68000030517578,74.45999908447266,212991
2023-05-05 00:00:00+00:00,74.36738586425781,75.12000274658203,75.44000244140625,74.37999725341797,74.58000183105469,145037
2023-05-08 00:00:00+00:00,75.19895935058594,75.95999908447266,76.16000366210938,75.5199966430664,75.5199966430664,114077
2023-05-09 00:00:00+00:00,74.74357604980469,75.5,76.19999694824219,75.33999633789062,75.95999908447266,174290
2023-05-10 00:00:00+00:00,74.74357604980469,75.5,76.13999938964844,75.4000015258789,75.68000030517578,158535
2023-05-11 00:00:00+00:00,75.31776428222656,76.08000183105469,76.63999938964844,75.45999908447266,75.45999908447266,194817
2023-05-12 00:00:00+00:00,76.7037353515625,77.4800033569336,77.94000244140625,76.87999725341797,77.0199966430664,190351
2023-05-15 00:00:00+00:00,77.39672088623047,78.18000030517578,78.4000015258789,77.69999694824219,77.9000015258789,219915
2023-05-16 00:00:00+00:00,77.53532409667969,78.31999969482422,78.91999816894531,78.04000091552734,78.77999877929688,183808
2023-05-17 00:00:00+00:00,77.61451721191406,78.4000015258789,78.63999938964844,77.23999786376953,77.69999694824219,183714
2023-05-18 00:00:00+00:00,78.60449981689453,79.4000015258789,79.9000015258789,79.0,79.04000091552734,160022
2023-05-19 00:00:00+00:00,79.45588684082031,80.26000213623047,80.83999633789062,79.41999816894531,79.5,285847
2023-05-22 00:00:00+00:00,79.6736831665039,80.4800033569336,80.95999908447266,80.16000366210938,80.44000244140625,177899
2023-05-23 00:00:00+00:00,77.91150665283203,78.69999694824219,80.58000183105469,78.55999755859375,80.19999694824219,179757
2023-05-24 00:00:00+00:00,76.78292846679688,77.55999755859375,78.0999984741211,77.0,78.0999984741211,199031
2023-05-25 00:00:00+00:00,75.73355102539062,76.5,77.81999969482422,76.5,77.81999969482422,185532
2023-05-26 00:00:00+00:00,77.09972381591797,77.87999725341797,78.27999877929688,76.45999908447266,76.54000091552734,227449
2023-05-29 00:00:00+00:00,77.23831939697266,78.0199966430664,78.83999633789062,78.0,78.0999984741211,105694
2023-05-30 00:00:00+00:00,77.49571990966797,78.27999877929688,79.5999984741211,78.19999694824219,79.5999984741211,163898
2023-05-31 00:00:00+00:00,76.8819351196289,77.66000366210938,78.58000183105469,77.08000183105469,78.18000030517578,667856
2023-06-01 00:00:00+00:00,77.73330688476562,78.5199966430664,78.58000183105469,77.73999786376953,78.5,149190
2023-06-02 00:00:00+00:00,79.60496520996094,79.95999908447266,80.30000305175781,78.5,79.0999984741211,273123
2023-06-05 00:00:00+00:00,79.54523468017578,79.9000015258789,80.81999969482422,79.77999877929688,80.0199966430664,309179
2023-06-06 00:00:00+00:00,80.52088165283203,80.87999725341797,80.87999725341797,79.41999816894531,79.5199966430664,167691
2023-06-07 00:00:00+00:00,80.12266540527344,80.4800033569336,81.0,80.04000091552734,80.62000274658203,186457
2023-06-08 00:00:00+00:00,80.24212646484375,80.5999984741211,80.91999816894531,80.0,80.0,174854
2023-06-09 00:00:00+00:00,79.7642593383789,80.12000274658203,80.68000030517578,79.69999694824219,80.58000183105469,182543
2023-06-12 00:00:00+00:00,80.24212646484375,80.5999984741211,81.0999984741211,80.4800033569336,81.0,168448
2023-06-13 00:00:00+00:00,81.2177734375,81.58000183105469,81.69999694824219,80.83999633789062,81.0,193721
2023-06-14 00:00:00+00:00,81.09830474853516,81.45999908447266,81.55999755859375,81.05999755859375,81.26000213623047,145810
2023-06-15 00:00:00+00:00,81.09830474853516,81.45999908447266,81.83999633789062,80.81999969482422,81.5,138355
2023-06-16 00:00:00+00:00,80.68017578125,81.04000091552734,81.66000366210938,80.95999908447266,81.55999755859375,564799
2023-06-19 00:00:00+00:00,80.06291961669922,80.41999816894531,81.04000091552734,80.19999694824219,80.69999694824219,79872
2023-06-20 00:00:00+00:00,79.42576599121094,79.77999877929688,80.41999816894531,78.5,80.30000305175781,127834
2023-06-21 00:00:00+00:00,79.38594055175781,79.73999786376953,79.91999816894531,79.4800033569336,79.68000030517578,104257
2023-06-22 00:00:00+00:00,78.9478988647461,79.30000305175781,79.37999725341797,78.37999725341797,79.37999725341797,143676
2023-06-23 00:00:00+00:00,78.98771667480469,79.33999633789062,79.86000061035156,78.80000305175781,78.91999816894531,112089
2023-06-26 00:00:00+00:00,78.48993682861328,78.83999633789062,79.5999984741211,77.83999633789062,79.5999984741211,198568
2023-06-27 00:00:00+00:00,78.68905639648438,79.04000091552734,79.5,78.77999877929688,79.33999633789062,107724
2023-06-28 00:00:00+00:00,80.22221374511719,80.58000183105469,80.72000122070312,79.41999816894531,79.45999908447266,167081
2023-06-29 00:00:00+00:00,80.87928009033203,81.23999786376953,81.4000015258789,80.76000213623047,80.81999969482422,140891
2023-06-30 00:00:00+00:00,81.31732940673828,81.68000030517578,82.0999984741211,80.81999969482422,80.9000015258789,199836
2023-07-03 00:00:00+00:00,81.27750396728516,81.63999938964844,82.22000122070312,81.4800033569336,82.05999755859375,74412
2023-07-04 00:00:00+00:00,81.23768615722656,81.5999984741211,82.0199966430664,81.44000244140625,81.5,68706
2023-07-05 00:00:00+00:00,80.83946228027344,81.19999694824219,82.0,81.0,82.0,114751
2023-07-06 00:00:00+00:00,78.9080810546875,79.26000213623047,80.76000213623047,78.94000244140625,80.73999786376953,148611
2023-07-07 00:00:00+00:00,79.0872802734375,79.44000244140625,79.63999938964844,78.5999984741211,79.04000091552734,92438
2023-07-10 00:00:00+00:00,79.80408477783203,80.16000366210938,80.45999908447266,78.87999725341797,79.26000213623047,80677
2023-07-11 00:00:00+00:00,80.42132568359375,80.77999877929688,80.91999816894531,79.69999694824219,80.19999694824219,88866
2023-07-12 00:00:00+00:00,81.43679809570312,81.80000305175781,81.95999908447266,80.81999969482422,81.0,120663
2023-07-13 00:00:00+00:00,81.85493469238281,82.22000122070312,82.41999816894531,81.36000061035156,81.77999877929688,110347
2023-07-14 00:00:00+00:00,82.15359497070312,82.5199966430664,82.94000244140625,81.72000122070312,82.18000030517578,105657
2023-07-17 00:00:00+00:00,81.7155532836914,82.08000183105469,82.5999984741211,81.83999633789062,82.08000183105469,68244
2023-07-18 00:00:00+00:00,81.61600494384766,81.9800033569336,82.45999908447266,81.77999877929688,81.77999877929688,75331
2023-07-19 00:00:00+00:00,82.07395935058594,82.44000244140625,82.76000213623047,81.9800033569336,82.66000366210938,117787
2023-07-20 00:00:00+00:00,82.21333312988281,82.58000183105469,82.94000244140625,82.04000091552734,82.19999694824219,103930
2023-07-21 00:00:00+00:00,82.3128890991211,82.68000030517578,83.18000030517578,82.5199966430664,82.54000091552734,69539
2023-07-24 00:00:00+00:00,82.77084350585938,83.13999938964844,83.19999694824219,82.26000213623047,82.63999938964844,70215
2023-07-25 00:00:00+00:00,82.39253997802734,82.76000213623047,83.27999877929688,82.41999816894531,83.16000366210938,85505
2023-07-26 00:00:00+00:00,82.67129516601562,83.04000091552734,83.04000091552734,82.18000030517578,82.72000122070312,111768
2023-07-27 00:00:00+00:00,84.16463470458984,84.54000091552734,84.72000122070312,83.23999786376953,83.23999786376953,163734
2023-07-28 00:00:00+00:00,84.82170104980469,85.19999694824219,85.19999694824219,84.19999694824219,84.19999694824219,120464
2023-07-31 00:00:00+00:00,84.56285858154297,84.94000244140625,85.23999786376953,84.5999984741211,85.08000183105469,118147
2023-08-01 00:00:00+00:00,83.64693450927734,84.0199966430664,85.0199966430664,84.0,84.94000244140625,112402
2023-08-02 00:00:00+00:00,82.87039947509766,83.23999786376953,83.5199966430664,82.05999755859375,83.19999694824219,157730
2023-08-03 00:00:00+00:00,82.03413391113281,82.4000015258789,83.08000183105469,82.0199966430664,83.0,92406
2023-08-04 00:00:00+00:00,82.17351531982422,82.54000091552734,82.83999633789062,82.05999755859375,82.77999877929688,90550
2023-08-07 00:00:00+00:00,81.75537872314453,82.12000274658203,82.55999755859375,81.9000015258789,82.4800033569336,88844
2023-08-08 00:00:00+00:00,80.58061981201172,80.94000244140625,81.83999633789062,80.5,81.5999984741211,100562
2023-08-09 00:00:00+00:00,81.09830474853516,81.45999908447266,82.13999938964844,81.41999816894531,81.87999725341797,59463
2023-08-10 00:00:00+00:00,81.69564056396484,82.05999755859375,82.26000213623047,81.5999984741211,81.81999969482422,77865
2023-08-11 00:00:00+00:00,81.05847930908203,81.41999816894531,81.77999877929688,81.0199966430664,81.69999694824219,118949
2023-08-14 00:00:00+00:00,80.859375,81.22000122070312,81.4000015258789,80.69999694824219,81.4000015258789,112215
2023-08-15 00:00:00+00:00,80.6602554321289,81.0199966430664,81.54000091552734,80.5199966430664,81.54000091552734,104880
2023-08-16 00:00:00+00:00,81.09830474853516,81.45999908447266,81.81999969482422,80.83999633789062,81.0,132021
2023-08-17 00:00:00+00:00,80.24212646484375,80.5999984741211,81.91999816894531,80.41999816894531,81.91999816894531,142659
2023-08-18 00:00:00+00:00,79.2664794921875,79.62000274658203,80.66000366210938,78.83999633789062,80.66000366210938,124053
2023-08-21 00:00:00+00:00,80.00318908691406,80.36000061035156,80.91999816894531,79.62000274658203,79.68000030517578,117852
2023-08-22 00:00:00+00:00,79.9434585571289,80.30000305175781,81.0199966430664,80.30000305175781,80.69999694824219,70604
2023-08-23 00:00:00+00:00,80.26203918457031,80.62000274658203,80.73999786376953,79.9800033569336,80.4000015258789,82428
2023-08-24 00:00:00+00:00,79.96337127685547,80.31999969482422,81.19999694824219,80.31999969482422,81.0,82777
2023-08-25 00:00:00+00:00,79.9434585571289,80.30000305175781,81.0,80.0,80.22000122070312,80315
2023-08-28 00:00:00+00:00,80.5407943725586,80.9000015258789,81.08000183105469,80.45999908447266,81.0,85447
2023-08-29 00:00:00+00:00,81.13813018798828,81.5,81.5,80.5999984741211,81.0199966430664,119630
2023-08-30 00:00:00+00:00,81.43679809570312,81.80000305175781,82.18000030517578,81.44000244140625,81.5,99097
2023-08-31 00:00:00+00:00,81.37705993652344,81.73999786376953,82.16000366210938,81.55999755859375,81.62000274658203,382572
2023-09-01 00:00:00+00:00,80.91910552978516,81.27999877929688,81.80000305175781,80.9000015258789,81.4800033569336,111509
2023-09-04 00:00:00+00:00,81.2177734375,81.58000183105469,82.05999755859375,81.45999908447266,81.66000366210938,59749
2023-09-05 00:00:00+00:00,81.19786071777344,81.55999755859375,81.76000213623047,80.9800033569336,81.44000244140625,69914
2023-09-06 00:00:00+00:00,81.05847930908203,81.41999816894531,81.94000244140625,80.9800033569336,81.37999725341797,117674
2023-09-07 00:00:00+00:00,80.859375,81.22000122070312,81.95999908447266,80.63999938964844,81.04000091552734,146752
2023-09-08 00:00:00+00:00,81.31732940673828,81.68000030517578,81.68000030517578,80.55999755859375,81.5,152376
2023-09-11 00:00:00+00:00,81.73546600341797,82.0999984741211,82.58000183105469,81.69999694824219,82.18000030517578,97202
2023-09-12 00:00:00+00:00,81.9544906616211,82.31999969482422,82.73999786376953,81.87999725341797,82.13999938964844,120481
2023-09-13 00:00:00+00:00,81.19786071777344,81.55999755859375,82.27999877929688,81.55999755859375,82.23999786376953,132473
2023-09-14 00:00:00+00:00,85.29956817626953,85.68000030517578,87.18000030517578,84.5,85.5,707687
2023-09-15 00:00:00+00:00,85.87699890136719,86.26000213623047,86.72000122070312,85.54000091552734,85.9000015258789,693536
2023-09-18 00:00:00+00:00,84.82170104980469,85.19999694824219,86.86000061035156,85.08000183105469,86.45999908447266,159761
2023-09-19 00:00:00+00:00,85.00090026855469,85.37999725341797,85.69999694824219,85.05999755859375,85.05999755859375,141257
2023-09-20 00:00:00+00:00,85.51859283447266,85.9000015258789,86.18000030517578,85.4800033569336,86.0,158107
2023-09-21 00:00:00+00:00,84.30400848388672,84.68000030517578,85.5,84.4000015258789,85.23999786376953,187754
2023-09-22 00:00:00+00:00,83.26862335205078,83.63999938964844,84.36000061035156,83.63999938964844,84.36000061035156,146300
2023-09-25 00:00:00+00:00,82.73102569580078,83.0999984741211,83.76000213623047,82.5,83.5,107189
2023-09-26 00:00:00+00:00,82.53191375732422,82.9000015258789,83.36000061035156,82.58000183105469,83.04000091552734,143139
2023-09-27 00:00:00+00:00,82.75093841552734,83.12000274658203,83.62000274658203,82.86000061035156,83.33999633789062,100848
2023-09-28 00:00:00+00:00,83.50756072998047,83.87999725341797,84.08000183105469,83.08000183105469,83.19999694824219,195308
2023-09-29 00:00:00+00:00,83.56729888916016,83.94000244140625,84.62000274658203,83.83999633789062,84.4000015258789,140626
2023-10-02 00:00:00+00:00,82.77084350585938,83.13999938964844,84.23999786376953,82.95999908447266,83.73999786376953,149891
2023-10-03 00:00:00+00:00,81.81510925292969,82.18000030517578,83.4800033569336,82.12000274658203,83.0,166455
2023-10-04 00:00:00+00:00,81.87483978271484,82.23999786376953,82.4800033569336,80.9800033569336,81.55999755859375,224543
2023-10-05 00:00:00+00:00,82.55182647705078,82.91999816894531,83.19999694824219,82.36000061035156,82.55999755859375,191822
2023-10-06 00:00:00+00:00,83.56729888916016,83.94000244140625,84.04000091552734,82.68000030517578,82.94000244140625,255322
2023-10-09 00:00:00+00:00,82.96995544433594,83.33999633789062,83.91999816894531,82.81999969482422,83.27999877929688,160277
2023-10-10 00:00:00+00:00,83.82614135742188,84.19999694824219,84.5999984741211,84.18000030517578,84.33999633789062,251356
2023-10-11 00:00:00+00:00,84.84161376953125,85.22000122070312,85.26000213623047,83.69999694824219,84.0,285331
2023-10-12 00:00:00+00:00,85.21992492675781,85.5999984741211,87.58000183105469,85.22000122070312,85.91999816894531,255200
2023-10-13 00:00:00+00:00,83.82614135742188,84.19999694824219,84.37999725341797,83.58000183105469,84.0,244821
2023-10-16 00:00:00+00:00,84.12480926513672,84.5,85.26000213623047,83.27999877929688,85.0,135618
2023-10-17 00:00:00+00:00,84.56285858154297,84.94000244140625,85.41999816894531,84.4000015258789,84.54000091552734,150669
2023-10-18 00:00:00+00:00,84.26419067382812,84.63999938964844,85.45999908447266,84.23999786376953,85.0,186458
2023-10-19 00:00:00+00:00,84.045166015625,84.41999816894531,84.58000183105469,83.33999633789062,84.23999786376953,219427
2023-10-20 00:00:00+00:00,82.51200103759766,82.87999725341797,84.33999633789062,82.73999786376953,84.23999786376953,259562
2023-10-23 00:00:00+00:00,82.05403900146484,82.41999816894531,83.27999877929688,82.12000274658203,83.16000366210938,136527
2023-10-24 00:00:00+00:00,81.57617950439453,81.94000244140625,82.41999816894531,81.44000244140625,82.4000015258789,101398
2023-10-25 00:00:00+00:00,80.83946228027344,81.19999694824219,81.87999725341797,80.66000366210938,81.83999633789062,127059
2023-10-26 00:00:00+00:00,81.07839965820312,81.44000244140625,81.58000183105469,80.05999755859375,80.36000061035156,172309
2023-10-27 00:00:00+00:00,80.70008087158203,81.05999755859375,82.05999755859375,80.9000015258789,81.4800033569336,111567
2023-10-30 00:00:00+00:00,80.3416748046875,80.69999694824219,81.72000122070312,80.37999725341797,81.72000122070312,105349
2023-10-31 00:00:00+00:00,80.58061981201172,80.94000244140625,81.30000305175781,80.31999969482422,80.63999938964844,168732
2023-11-01 00:00:00+00:00,81.29742431640625,81.66000366210938,82.0999984741211,80.9000015258789,81.27999877929688,114309
2023-11-02 00:00:00+00:00,84.00534057617188,84.37999725341797,84.4800033569336,82.27999877929688,82.54000091552734,309784
2023-11-03 00:00:00+00:00,84.64249420166016,85.0199966430664,85.22000122070312,84.23999786376953,84.4800033569336,118658
2023-11-06 00:00:00+00:00,84.36373901367188,84.73999786376953,85.4000015258789,84.45999908447266,85.22000122070312,110489
2023-11-07 00:00:00+00:00,82.51200103759766,82.87999725341797,84.77999877929688,82.68000030517578,84.37999725341797,160770
2023-11-08 00:00:00+00:00,83.00978088378906,83.37999725341797,83.37999725341797,82.37999725341797,82.80000305175781,99433
2023-11-09 00:00:00+00:00,83.36817932128906,83.73999786376953,83.87999725341797,82.94000244140625,83.26000213623047,78530
2023-11-10 00:00:00+00:00,83.40800476074219,83.77999877929688,84.04000091552734,83.41999816894531,83.73999786376953,90045
2023-11-13 00:00:00+00:00,84.10490417480469,84.4800033569336,84.63999938964844,83.91999816894531,84.05999755859375,114204
2023-11-14 00:00:00+00:00,86.13583374023438,86.5199966430664,86.5199966430664,84.36000061035156,84.72000122070312,182714
2023-11-15 00:00:00+00:00,85.20001220703125,85.58000183105469,85.87999725341797,84.68000030517578,85.12000274658203,231694
2023-11-16 00:00:00+00:00,84.46329498291016,84.83999633789062,85.69999694824219,84.5,85.36000061035156,130800
2023-11-17 00:00:00+00:00,85.97655487060547,86.36000061035156,86.36000061035156,85.0,85.0,507616
2023-11-20 00:00:00+00:00,86.3747787475586,86.76000213623047,86.80000305175781,86.16000366210938,86.37999725341797,139477
2023-11-21 00:00:00+00:00,85.71770477294922,86.0999984741211,86.76000213623047,85.69999694824219,86.76000213623047,182426
2023-11-22 00:00:00+00:00,86.41459655761719,86.80000305175781,87.0199966430664,86.16000366210938,86.22000122070312,112032
2023-11-23 00:00:00+00:00,86.4942398071289,86.87999725341797,87.18000030517578,86.58000183105469,86.72000122070312,81293
2023-11-24 00:00:00+00:00,86.87255859375,87.26000213623047,87.37999725341797,86.68000030517578,86.77999877929688,62625
2023-11-27 00:00:00+00:00,87.11148834228516,87.5,87.73999786376953,87.05999755859375,87.33999633789062,98398
2023-11-28 00:00:00+00:00,86.9123764038086,87.30000305175781,87.44000244140625,86.44000244140625,86.80000305175781,122366
2023-11-29 00:00:00+00:00,88.00749206542969,88.4000015258789,88.68000030517578,86.9000015258789,86.9000015258789,169604
2023-11-30 00:00:00+00:00,88.90349578857422,89.30000305175781,89.30000305175781,87.87999725341797,88.05999755859375,1352212
2023-12-01 00:00:00+00:00,89.52074432373047,89.91999816894531,90.33999633789062,89.33999633789062,89.5,243088
2023-12-04 00:00:00+00:00,89.34153747558594,89.73999786376953,90.44000244140625,89.63999938964844,90.18000030517578,161026
2023-12-05 00:00:00+00:00,90.49639129638672,90.9000015258789,91.04000091552734,89.68000030517578,89.68000030517578,149488
2023-12-06 00:00:00+00:00,91.19328308105469,91.5999984741211,91.95999908447266,90.80000305175781,91.18000030517578,145760
2023-12-07 00:00:00+00:00,91.47203826904297,91.87999725341797,92.0,90.72000122070312,91.05999755859375,68989
2023-12-08 00:00:00+00:00,92.0096435546875,92.41999816894531,92.81999969482422,91.72000122070312,92.04000091552734,94493
2023-12-11 00:00:00+00:00,92.7463607788086,93.16000366210938,93.26000213623047,92.5199966430664,92.80000305175781,106024
2023-12-12 00:00:00+00:00,92.96537780761719,93.37999725341797,93.5999984741211,92.91999816894531,93.54000091552734,133752
2023-12-13 00:00:00+00:00,93.12467193603516,93.54000091552734,94.0,93.44000244140625,93.66000366210938,138636
2023-12-14 00:00:00+00:00,93.36360168457031,93.77999877929688,95.31999969482422,93.41999816894531,94.80000305175781,204694
2023-12-15 00:00:00+00:00,93.26404571533203,93.68000030517578,94.4000015258789,93.18000030517578,93.94000244140625,566323
2023-12-18 00:00:00+00:00,92.0096435546875,92.41999816894531,93.33999633789062,92.18000030517578,93.33999633789062,162674
2023-12-19 00:00:00+00:00,91.91008758544922,92.31999969482422,92.9800033569336,92.0999984741211,92.77999877929688,165681
2023-12-20 00:00:00+00:00,91.8702621459961,92.27999877929688,92.69999694824219,91.76000213623047,92.22000122070312,131388
2023-12-21 00:00:00+00:00,90.97425842285156,91.37999725341797,92.18000030517578,91.18000030517578,91.81999969482422,199811
2023-12-22 00:00:00+00:00,90.45657348632812,90.86000061035156,91.5999984741211,90.63999938964844,91.5999984741211,119175
2023-12-27 00:00:00+00:00,90.237548828125,90.63999938964844,90.68000030517578,89.9000015258789,90.5,138609
2023-12-28 00:00:00+00:00,89.9189682006836,90.31999969482422,91.04000091552734,90.08000183105469,90.9800033569336,82120
2023-12-29 00:00:00+00:00,90.0981674194336,90.5,90.73999786376953,90.13999938964844,90.55999755859375,112815
2024-01-02 00:00:00+00:00,90.13799285888672,90.54000091552734,91.13999938964844,89.91999816894531,90.66000366210938,100732
2024-01-03 00:00:00+00:00,88.90349578857422,89.30000305175781,90.69999694824219,88.44000244140625,90.45999908447266,142731
2024-01-04 00:00:00+00:00,89.3216323852539,89.72000122070312,89.83999633789062,88.9000015258789,89.36000061035156,81092
2024-01-05 00:00:00+00:00,89.16233825683594,89.55999755859375,89.58000183105469,88.33999633789062,88.94000244140625,87225
2024-01-08 00:00:00+00:00,89.85923767089844,90.26000213623047,90.5,88.4800033569336,88.77999877929688,97845
2024-01-09 00:00:00+00:00,88.90349578857422,89.30000305175781,90.30000305175781,88.94000244140625,90.30000305175781,114807
2024-01-10 00:00:00+00:00,89.0030517578125,89.4000015258789,89.5199966430664,88.76000213623047,89.05999755859375,110398
2024-01-11 00:00:00+00:00,89.26190185546875,89.66000366210938,90.73999786376953,89.44000244140625,90.0999984741211,158548
2024-01-12 00:00:00+00:00,89.85923767089844,90.26000213623047,90.31999969482422,89.4000015258789,89.69999694824219,88232
2024-01-15 00:00:00+00:00,89.42118835449219,89.81999969482422,90.08000183105469,89.72000122070312,89.87999725341797,55519
2024-01-16 00:00:00+00:00,88.00749206542969,88.4000015258789,89.0999984741211,87.30000305175781,89.0999984741211,148308
2024-01-17 00:00:00+00:00,87.92784881591797,88.31999969482422,88.31999969482422,87.22000122070312,87.83999633789062,88797
2024-01-18 00:00:00+00:00,88.54509735107422,88.94000244140625,89.4800033569336,88.45999908447266,88.9000015258789,73913
2024-01-19 00:00:00+00:00,88.52518463134766,88.91999816894531,89.62000274658203,88.91999816894531,89.5,80024
2024-01-22 00:00:00+00:00,88.78402709960938,89.18000030517578,90.27999877929688,89.18000030517578,90.0,98709
2024-01-23 00:00:00+00:00,86.8526382446289,87.23999786376953,89.30000305175781,86.83999633789062,89.23999786376953,135717
2024-01-24 00:00:00+00:00,86.87255859375,87.26000213623047,87.68000030517578,86.69999694824219,87.19999694824219,104196
2024-01-25 00:00:00+00:00,85.89690399169922,86.27999877929688,87.04000091552734,85.77999877929688,87.0,136155
2024-01-26 00:00:00+00:00,86.15575408935547,86.54000091552734,87.0199966430664,86.0,86.0,137010
2024-01-29 00:00:00+00:00,85.9964599609375,86.37999725341797,87.26000213623047,86.04000091552734,87.26000213623047,95723
2024-01-30 00:00:00+00:00,87.56944274902344,87.95999908447266,87.95999908447266,86.31999969482422,86.66000366210938,114520
2024-01-31 00:00:00+00:00,89.46101379394531,89.86000061035156,90.31999969482422,88.31999969482422,88.31999969482422,251941
2024-02-01 00:00:00+00:00,91.45213317871094,91.86000061035156,91.9800033569336,89.26000213623047,90.31999969482422,189985
2024-02-02 00:00:00+00:00,92.28839874267578,92.69999694824219,93.94000244140625,91.94000244140625,92.63999938964844,154125
2024-02-05 00:00:00+00:00,92.1888427734375,92.5999984741211,93.4000015258789,92.12000274658203,92.86000061035156,126360
2024-02-06 00:00:00+00:00,92.40786743164062,92.81999969482422,93.19999694824219,92.5199966430664,93.04000091552734,132135
2024-02-07 00:00:00+00:00,93.72200775146484,94.13999938964844,94.72000122070312,93.0,93.05999755859375,154576
2024-02-08 00:00:00+00:00,93.94103240966797,94.36000061035156,94.76000213623047,93.0,93.0,104280
2024-02-09 00:00:00+00:00,94.57818603515625,95.0,95.37999725341797,94.19999694824219,94.62000274658203,108839
2024-02-12 00:00:00+00:00,95.5140151977539,95.94000244140625,96.18000030517578,95.0,95.0,146332
2024-02-13 00:00:00+00:00,95.13569641113281,95.55999755859375,96.87999725341797,95.12000274658203,96.55999755859375,115426
2024-02-14 00:00:00+00:00,95.75294494628906,96.18000030517578,96.4000015258789,95.45999908447266,95.58000183105469,92131
2024-02-15 00:00:00+00:00,97.24629211425781,97.68000030517578,97.9800033569336,96.36000061035156,96.36000061035156,166340
2024-02-16 00:00:00+00:00,97.92327117919922,98.36000061035156,99.08000183105469,97.9800033569336,98.0,152001
2024-02-19 00:00:00+00:00,98.2020263671875,98.63999938964844,98.66000366210938,97.86000061035156,98.0,71078
2024-02-20 00:00:00+00:00,97.08699798583984,97.5199966430664,98.68000030517578,97.36000061035156,98.68000030517578,127196
2024-02-21 00:00:00+00:00,97.78388977050781,98.22000122070312,98.22000122070312,97.0,97.77999877929688,118274
2024-02-22 00:00:00+00:00,99.75509643554688,100.19999694824219,100.19999694824219,98.66000366210938,98.66000366210938,150527
2024-02-23 00:00:00+00:00,100.6511001586914,101.0999984741211,101.0999984741211,100.1500015258789,100.25,86797
2024-02-26 00:00:00+00:00,100.45199584960938,100.9000015258789,101.75,100.80000305175781,101.0999984741211,88493
2024-02-27 00:00:00+00:00,100.2031021118164,100.6500015258789,101.1500015258789,100.4000015258789,100.55000305175781,108071
2024-02-28 00:00:00+00:00,100.60132598876953,101.05000305175781,101.30000305175781,100.19999694824219,101.05000305175781,87749
2024-02-29 00:00:00+00:00,99.35688018798828,99.80000305175781,101.0999984741211,99.80000305175781,100.6500015258789,426753
2024-03-01 00:00:00+00:00,100.25287628173828,100.69999694824219,100.80000305175781,99.94000244140625,100.1500015258789,86305
2024-03-04 00:00:00+00:00,99.75509643554688,100.19999694824219,100.69999694824219,99.5999984741211,100.69999694824219,82879
2024-03-05 00:00:00+00:00,100.05376434326172,100.5,100.5,99.13999938964844,99.94000244140625,124340
2024-03-06 00:00:00+00:00,99.55598449707031,100.0,100.44999694824219,99.72000122070312,100.0999984741211,104951
2024-03-07 00:00:00+00:00,99.85466003417969,100.30000305175781,100.5,99.44000244140625,99.58000183105469,93138
2024-03-08 00:00:00+00:00,100.94977569580078,101.4000015258789,101.69999694824219,100.19999694824219,100.4000015258789,70763
2024-03-11 00:00:00+00:00,100.75065612792969,101.19999694824219,101.3499984741211,100.5,100.94999694824219,101489
2024-03-12 00:00:00+00:00,101.49732208251953,101.94999694824219,102.19999694824219,101.0999984741211,101.6500015258789,110171
2024-03-13 00:00:00+00:00,101.44755554199219,101.9000015258789,102.6500015258789,101.6500015258789,102.0999984741211,127928
2024-03-14 00:00:00+00:00,101.2982177734375,101.75,102.5,101.3499984741211,102.05000305175781,125228
2024-03-15 00:00:00+00:00,101.09910583496094,101.55000305175781,102.19999694824219,101.55000305175781,101.80000305175781,440277
2024-03-18 00:00:00+00:00,101.49732208251953,101.94999694824219,102.0999984741211,101.05000305175781,101.6500015258789,90411
2024-03-19 00:00:00+00:00,102.443115234375,102.9000015258789,103.0999984741211,101.6500015258789,101.6500015258789,143058
2024-03-20 00:00:00+00:00,102.9408950805664,103.4000015258789,103.80000305175781,102.55000305175781,103.05000305175781,82969
2024-03-21 00:00:00+00:00,103.23955535888672,103.69999694824219,105.1500015258789,102.94999694824219,104.94999694824219,93069
2024-03-22 00:00:00+00:00,103.13999938964844,103.5999984741211,103.94999694824219,102.80000305175781,103.4000015258789,74519
2024-03-25 00:00:00+00:00,103.68756103515625,104.1500015258789,104.44999694824219,103.1500015258789,103.69999694824219,82706
2024-03-26 00:00:00+00:00,102.3933334350586,102.8499984741211,104.44999694824219,102.25,104.19999694824219,131534
2024-03-27 00:00:00+00:00,102.59244537353516,103.05000305175781,103.5999984741211,102.80000305175781,102.80000305175781,71160
2024-03-28 00:00:00+00:00,102.59244537353516,103.05000305175781,103.19999694824219,102.44999694824219,103.0,154591
2024-04-02 00:00:00+00:00,101.14888000488281,101.5999984741211,103.80000305175781,101.0999984741211,103.19999694824219,141024
2024-04-03 00:00:00+00:00,99.55598449707031,100.0,101.5999984741211,99.5,101.5999984741211,124589
2024-04-04 00:00:00+00:00,100.6511001586914,101.0999984741211,101.30000305175781,100.0,100.19999694824219,141697
2024-04-05 00:00:00+00:00,100.1533203125,100.5999984741211,100.5999984741211,98.8499984741211,99.75,146050
2024-04-08 00:00:00+00:00,99.55598449707031,100.0,100.80000305175781,99.9000015258789,100.69999694824219,78100
2024-04-09 00:00:00+00:00,98.36132049560547,98.80000305175781,99.5,98.6500015258789,99.25,155886
2024-04-10 00:00:00+00:00,98.75953674316406,99.19999694824219,100.19999694824219,98.30000305175781,98.9000015258789,99068
2024-04-11 00:00:00+00:00,98.95865631103516,99.4000015258789,99.9000015258789,98.25,98.8499984741211,131588
2024-04-12 00:00:00+00:00,100.05376434326172,100.5,101.9000015258789,99.8499984741211,100.0999984741211,196382
2024-04-15 00:00:00+00:00,100.55154418945312,101.0,102.0,99.9000015258789,100.5,162814
2024-04-16 00:00:00+00:00,100.25287628173828,100.69999694824219,101.19999694824219,98.5,99.5,144034
2024-04-17 00:00:00+00:00,100.3524398803711,100.80000305175781,103.30000305175781,100.4000015258789,100.80000305175781,223289
2024-04-18 00:00:00+00:00,101.04932403564453,101.5,102.5999984741211,101.0999984741211,101.5,226963
2024-04-19 00:00:00+00:00,100.25287628173828,100.69999694824219,101.4000015258789,99.05000305175781,101.0,250251
2024-04-22 00:00:00+00:00,100.25287628173828,100.69999694824219,101.69999694824219,99.9000015258789,101.30000305175781,143756
2024-04-23 00:00:00+00:00,101.64665985107422,102.0999984741211,102.5999984741211,101.0999984741211,101.19999694824219,118178
2024-04-24 00:00:00+00:00,100.75065612792969,101.19999694824219,102.69999694824219,101.0,102.4000015258789,136736
2024-04-25 00:00:00+00:00,99.6555404663086,100.0999984741211,101.9000015258789,99.94999694824219,101.30000305175781,154153
2024-04-26 00:00:00+00:00,100.6511001586914,101.0999984741211,101.80000305175781,100.30000305175781,101.0999984741211,120477
2024-04-29 00:00:00+00:00,104.63333892822266,105.0999984741211,106.0,102.69999694824219,102.69999694824219,295006
2024-04-30 00:00:00+00:00,102.2439956665039,102.69999694824219,105.30000305175781,102.0,105.0999984741211,324142
2024-05-02 00:00:00+00:00,102.14443969726562,102.5999984741211,103.19999694824219,100.69999694824219,102.80000305175781,202272
2024-05-03 00:00:00+00:00,103.13999938964844,103.5999984741211,103.5999984741211,102.4000015258789,103.0,133451
2024-05-06 00:00:00+00:00,102.9408950805664,103.4000015258789,104.0,103.0999984741211,104.0,80730
2024-05-07 00:00:00+00:00,101.64665985107422,102.0999984741211,104.0,100.4000015258789,104.0,224207
2024-05-08 00:00:00+00:00,102.2439956665039,102.69999694824219,102.69999694824219,100.9000015258789,102.5,203447
2024-05-09 00:00:00+00:00,101.9453353881836,102.4000015258789,103.30000305175781,102.30000305175781,102.4000015258789,176810
2024-05-10 00:00:00+00:00,101.9453353881836,102.4000015258789,103.19999694824219,102.0999984741211,102.5,184049
2024-05-13 00:00:00+00:00,103.13999938964844,103.5999984741211,103.80000305175781,102.30000305175781,102.5,128391
2024-05-14 00:00:00+00:00,104.03600311279297,104.5,104.5,103.19999694824219,103.80000305175781,145085
2024-05-15 00:00:00+00:00,103.63777923583984,104.0999984741211,105.0999984741211,103.5,104.80000305175781,116003
2024-05-16 00:00:00+00:00,102.34355926513672,102.80000305175781,103.9000015258789,102.80000305175781,103.9000015258789,136802
2024-05-17 00:00:00+00:00,103.33911895751953,103.80000305175781,103.80000305175781,102.5,102.69999694824219,132951
2024-05-20 00:00:00+00:00,103.83689880371094,104.30000305175781,104.30000305175781,103.4000015258789,103.9000015258789,67087
2024-05-21 00:00:00+00:00,103.63777923583984,104.0999984741211,104.19999694824219,103.30000305175781,104.19999694824219,100899
2024-05-22 00:00:00+00:00,104.63333892822266,105.0999984741211,105.69999694824219,104.0999984741211,104.5999984741211,176718
2024-05-23 00:00:00+00:00,104.63333892822266,105.0999984741211,106.30000305175781,104.5999984741211,105.5999984741211,168243
2024-05-24 00:00:00+00:00,104.63333892822266,105.0999984741211,105.5,104.4000015258789,104.80000305175781,110599
2024-05-27 00:00:00+00:00,104.93201446533203,105.4000015258789,105.4000015258789,104.19999694824219,105.19999694824219,58933
2024-05-28 00:00:00+00:00,104.33467864990234,104.80000305175781,106.0,104.0999984741211,105.80000305175781,103067
2024-05-29 00:00:00+00:00,103.13999938964844,103.5999984741211,104.9000015258789,103.0,104.69999694824219,136231
2024-05-30 00:00:00+00:00,103.5,103.5,103.80000305175781,103.0,103.30000305175781,98533
2024-05-31 00:00:00+00:00,102.9000015258789,102.9000015258789,103.5999984741211,102.5999984741211,103.30000305175781,874307
2024-06-03 00:00:00+00:00,99.55000305175781,99.55000305175781,104.5,99.4000015258789,104.4000015258789,208557
2024-06-04 00:00:00+00:00,99.6500015258789,99.6500015258789,100.19999694824219,99.05000305175781,99.5999984741211,159871
2024-06-05 00:00:00+00:00,100.69999694824219,100.69999694824219,100.69999694824219,99.8499984741211,100.30000305175781,145402
2024-06-06 00:00:00+00:00,100.69999694824219,100.69999694824219,101.0,99.9000015258789,100.9000015258789,132669
2024-06-07 00:00:00+00:00,99.80000305175781,99.80000305175781,100.5999984741211,99.55000305175781,100.5,139910
2024-06-10 00:00:00+00:00,100.0,100.0,100.0999984741211,98.4000015258789,99.0,141341
2024-06-11 00:00:00+00:00,99.0,99.0,99.9000015258789,98.4000015258789,99.9000015258789,111423
2024-06-12 00:00:00+00:00,100.5999984741211,100.5999984741211,100.80000305175781,98.55000305175781,99.0,170659
2024-06-13 00:00:00+00:00,98.4000015258789,98.4000015258789,100.5,98.25,100.5,139164
2024-06-14 00:00:00+00:00,96.8499984741211,96.8499984741211,98.0,96.3499984741211,98.0,122513
2024-06-17 00:00:00+00:00,97.0999984741211,97.0999984741211,97.55000305175781,96.25,96.8499984741211,98343
2024-06-18 00:00:00+00:00,97.55000305175781,97.55000305175781,98.0999984741211,97.30000305175781,97.3499984741211,159723
2024-06-19 00:00:00+00:00,96.80000305175781,96.80000305175781,97.5999984741211,96.80000305175781,97.4000015258789,152269
2024-06-20 00:00:00+00:00,98.4000015258789,98.4000015258789,98.4000015258789,97.05000305175781,97.25,164051
2024-06-21 00:00:00+00:00,97.25,97.25,98.5,97.1500015258789,98.25,283581
2024-06-24 00:00:00+00:00,99.3499984741211,99.3499984741211,99.5999984741211,97.0999984741211,97.0999984741211,119905
2024-06-25 00:00:00+00:00,99.25,99.25,100.0,98.6500015258789,98.94999694824219,164592
2024-06-26 00:00:00+00:00,99.69999694824219,99.69999694824219,99.94999694824219,99.0,99.5999984741211,151849
2024-06-27 00:00:00+00:00,98.4000015258789,98.4000015258789,100.0,98.05000305175781,99.94999694824219,165815
2024-06-28 00:00:00+00:00,97.69999694824219,97.69999694824219,99.05000305175781,97.69999694824219,98.94999694824219,145583
2024-07-01 00:00:00+00:00,97.69999694824219,97.69999694824219,99.0,97.55000305175781,98.75,91446
2024-07-02 00:00:00+00:00,97.05000305175781,97.05000305175781,97.3499984741211,95.80000305175781,97.05000305175781,104526
2024-07-03 00:00:00+00:00,98.19999694824219,98.19999694824219,98.94999694824219,96.6500015258789,96.80000305175781,96124
2024-07-04 00:00:00+00:00,98.5,98.5,99.19999694824219,98.5,98.6500015258789,64980
2024-07-05 00:00:00+00:00,97.3499984741211,97.3499984741211,99.0,96.94999694824219,99.0,68745
2024-07-08 00:00:00+00:00,96.9000015258789,96.9000015258789,98.0,96.55000305175781,96.9000015258789,112343
2024-07-09 00:00:00+00:00,96.5999984741211,96.5999984741211,97.19999694824219,95.9000015258789,96.5999984741211,94559
2024-07-10 00:00:00+00:00,97.9000015258789,97.9000015258789,97.9000015258789,96.44999694824219,97.3499984741211,98500
2024-07-11 00:00:00+00:00,97.94999694824219,97.94999694824219,98.8499984741211,97.94999694824219,98.5999984741211,95618
2024-07-12 00:00:00+00:00,98.75,98.75,98.8499984741211,97.6500015258789,98.0,91931
2024-07-15 00:00:00+00:00,97.8499984741211,97.8499984741211,98.6500015258789,97.8499984741211,98.5,70002
2024-07-16 00:00:00+00:00,97.19999694824219,97.19999694824219,97.5999984741211,96.8499984741211,97.30000305175781,80665
2024-07-17 00:00:00+00:00,97.19999694824219,97.19999694824219,98.19999694824219,97.0,97.0999984741211,107065
2024-07-18 00:00:00+00:00,97.1500015258789,97.1500015258789,97.9000015258789,97.0999984741211,97.75,110309
2024-07-19 00:00:00+00:00,95.8499984741211,95.8499984741211,97.0,95.75,97.0,116998
2024-07-22 00:00:00+00:00,97.30000305175781,97.30000305175781,97.44999694824219,96.1500015258789,96.3499984741211,77661
2024-07-23 00:00:00+00:00,96.75,96.75,97.3499984741211,96.25,97.19999694824219,108573
2024-07-24 00:00:00+00:00,95.1500015258789,95.1500015258789,96.05000305175781,95.0999984741211,95.75,98165
2024-07-25 00:00:00+00:00,92.5999984741211,92.5999984741211,93.5999984741211,91.44999694824219,93.4000015258789,158727
2024-07-26 00:00:00+00:00,93.05000305175781,93.05000305175781,93.30000305175781,92.25,92.8499984741211,84006
2024-07-29 00:00:00+00:00,93.55000305175781,93.55000305175781,94.0,92.6500015258789,94.0,101711
2024-07-30 00:00:00+00:00,94.5999984741211,94.5999984741211,94.75,93.8499984741211,93.8499984741211,117421
2024-07-31 00:00:00+00:00,94.5999984741211,94.5999984741211,95.44999694824219,93.94999694824219,95.44999694824219,124408
2024-08-01 00:00:00+00:00,93.80000305175781,93.80000305175781,96.0999984741211,93.75,94.0999984741211,163266
2024-08-02 00:00:00+00:00,90.6500015258789,90.6500015258789,93.5,90.3499984741211,93.0,121630
2024-08-05 00:00:00+00:00,88.8499984741211,88.8499984741211,89.30000305175781,86.5,88.3499984741211,193449
2024-08-06 00:00:00+00:00,88.55000305175781,88.55000305175781,89.69999694824219,87.5,89.5999984741211,147101
2024-08-07 00:00:00+00:00,91.05000305175781,91.05000305175781,91.30000305175781,88.55000305175781,88.94999694824219,127619
2024-08-08 00:00:00+00:00,90.25,90.25,90.5,89.3499984741211,90.4000015258789,131898
2024-08-09 00:00:00+00:00,90.80000305175781,90.80000305175781,91.19999694824219,90.30000305175781,90.80000305175781,72861
2024-08-12 00:00:00+00:00,91.6500015258789,91.6500015258789,92.19999694824219,91.19999694824219,91.25,129485
2024-08-13 00:00:00+00:00,92.44999694824219,92.44999694824219,92.5,91.4000015258789,91.69999694824219,130562
2024-08-14 00:00:00+00:00,93.8499984741211,93.8499984741211,93.8499984741211,92.80000305175781,92.80000305175781,109367
2024-08-15 00:00:00+00:00,95.4000015258789,95.4000015258789,95.5999984741211,94.0,94.4000015258789,79923
2024-08-16 00:00:00+00:00,96.05000305175781,96.05000305175781,96.5,95.5,95.55000305175781,138303
2024-08-19 00:00:00+00:00,96.30000305175781,96.30000305175781,97.1500015258789,95.94999694824219,96.1500015258789,83258
2024-08-20 00:00:00+00:00,96.0,96.0,96.6500015258789,95.80000305175781,96.19999694824219,81789
2024-08-21 00:00:00+00:00,97.05000305175781,97.05000305175781,97.25,95.75,95.75,129801
2024-08-22 00:00:00+00:00,97.6500015258789,97.6500015258789,97.9000015258789,96.8499984741211,96.8499984741211,93296
2024-08-23 00:00:00+00:00,98.19999694824219,98.19999694824219,98.8499984741211,97.75,97.75,106675
2024-08-26 00:00:00+00:00,99.0999984741211,99.0999984741211,99.4000015258789,97.8499984741211,97.8499984741211,95779
2024-08-27 00:00:00+00:00,99.1500015258789,99.1500015258789,99.5,98.75,99.05000305175781,115890
2024-08-28 00:00:00+00:00,99.6500015258789,99.6500015258789,99.9000015258789,98.9000015258789,99.5,99057
2024-08-29 00:00:00+00:00,100.80000305175781,100.80000305175781,100.80000305175781,99.19999694824219,99.3499984741211,119980
2024-08-30 00:00:00+00:00,100.5999984741211,100.5999984741211,101.30000305175781,100.4000015258789,100.69999694824219,375496
2024-09-02 00:00:00+00:00,100.5,100.5,100.80000305175781,99.9000015258789,100.80000305175781,125019
2024-09-03 00:00:00+00:00,99.55000305175781,99.55000305175781,101.0,99.3499984741211,100.69999694824219,111040
2024-09-04 00:00:00+00:00,99.0,99.0,99.44999694824219,98.0999984741211,98.0999984741211,122769
2024-09-05 00:00:00+00:00,98.19999694824219,98.19999694824219,99.44999694824219,97.75,98.9000015258789,138932
2024-09-06 00:00:00+00:00,97.4000015258789,97.4000015258789,99.0,97.30000305175781,98.0999984741211,153707
2024-09-09 00:00:00+00:00,98.5999984741211,98.5999984741211,98.8499984741211,97.69999694824219,97.69999694824219,113441
2024-09-10 00:00:00+00:00,97.44999694824219,97.44999694824219,99.0,96.30000305175781,98.1500015258789,174216
2024-09-11 00:00:00+00:00,97.44999694824219,97.44999694824219,98.25,96.69999694824219,97.44999694824219,127944
2024-09-12 00:00:00+00:00,98.0,98.0,98.55000305175781,97.05000305175781,98.3499984741211,113433
2024-09-13 00:00:00+00:00,98.55000305175781,98.55000305175781,98.9000015258789,97.8499984741211,98.05000305175781,86994
2024-09-16 00:00:00+00:00,97.6500015258789,97.6500015258789,97.9000015258789,97.25,97.80000305175781,134744
2024-09-17 00:00:00+00:00,97.9000015258789,97.9000015258789,98.80000305175781,97.75,97.75,130107
2024-09-18 00:00:00+00:00,97.8499984741211,97.8499984741211,98.3499984741211,97.44999694824219,97.9000015258789,172887
2024-09-19 00:00:00+00:00,99.30000305175781,99.30000305175781,99.30000305175781,98.4000015258789,98.8499984741211,161077
2024-09-20 00:00:00+00:00,97.44999694824219,97.44999694824219,98.5999984741211,97.25,98.5,257242
2024-09-23 00:00:00+00:00,98.94999694824219,98.94999694824219,98.94999694824219,97.0999984741211,97.19999694824219,125589
2024-09-24 00:00:00+00:00,98.55000305175781,98.55000305175781,100.19999694824219,97.69999694824219,100.0,129763
2024-09-25 00:00:00+00:00,97.6500015258789,97.6500015258789,100.0,97.6500015258789,99.55000305175781,141355
2024-09-26 00:00:00+00:00,98.30000305175781,98.30000305175781,99.0,98.0,98.0,152631
2024-09-27 00:00:00+00:00,100.0,100.0,100.0,98.4000015258789,98.5,247066
2024-09-30 00:00:00+00:00,96.1500015258789,96.1500015258789,99.0,94.55000305175781,99.0,437767
2024-10-01 00:00:00+00:00,97.1500015258789,97.1500015258789,97.94999694824219,96.30000305175781,96.30000305175781,202281
2024-10-02 00:00:00+00:00,97.19999694824219,97.19999694824219,98.25,96.6500015258789,98.0999984741211,188132
2024-10-03 00:00:00+00:00,96.1500015258789,96.1500015258789,97.1500015258789,95.6500015258789,97.0999984741211,197415
2024-10-04 00:00:00+00:00,96.4000015258789,96.4000015258789,97.05000305175781,96.0999984741211,96.30000305175781,150154
2024-10-07 00:00:00+00:00,96.80000305175781,96.80000305175781,96.94999694824219,95.9000015258789,96.55000305175781,151755
2024-10-08 00:00:00+00:00,96.4000015258789,96.4000015258789,96.6500015258789,95.69999694824219,95.75,130823
2024-10-09 00:00:00+00:00,96.80000305175781,96.80000305175781,96.80000305175781,96.05000305175781,96.5,166240
2024-10-10 00:00:00+00:00,96.5999984741211,96.5999984741211,96.94999694824219,96.5,96.94999694824219,88100
2024-10-11 00:00:00+00:00,96.8499984741211,96.8499984741211,97.1500015258789,96.0,96.55000305175781,110445
2024-10-14 00:00:00+00:00,98.0,98.0,98.30000305175781,97.6500015258789,97.94999694824219,142349
2024-10-15 00:00:00+00:00,98.0,98.0,99.0,97.55000305175781,98.0,196797
2024-10-16 00:00:00+00:00,97.94999694824219,97.94999694824219,98.1500015258789,97.44999694824219,97.44999694824219,124209
2024-10-17 00:00:00+00:00,98.5999984741211,98.5999984741211,98.8499984741211,97.69999694824219,98.0,127868
2024-10-18 00:00:00+00:00,98.69999694824219,98.69999694824219,99.30000305175781,98.4000015258789,98.5999984741211,121171
2024-10-21 00:00:00+00:00,97.9000015258789,97.9000015258789,98.94999694824219,97.9000015258789,98.5999984741211,102169
2024-10-22 00:00:00+00:00,98.05000305175781,98.05000305175781,98.19999694824219,97.19999694824219,97.69999694824219,101873
2024-10-23 00:00:00+00:00,98.6500015258789,98.6500015258789,98.69999694824219,97.69999694824219,97.69999694824219,140615
2024-10-24 00:00:00+00:00,99.3499984741211,99.3499984741211,99.9000015258789,98.75,98.75,150243
2024-10-25 00:00:00+00:00,99.80000305175781,99.80000305175781,99.94999694824219,98.80000305175781,99.19999694824219,92676
2024-10-28 00:00:00+00:00,99.55000305175781,99.55000305175781,99.6500015258789,98.1500015258789,99.1500015258789,145067
2024-10-29 00:00:00+00:00,99.80000305175781,99.80000305175781,101.19999694824219,99.4000015258789,100.0999984741211,150960
2024-10-30 00:00:00+00:00,97.30000305175781,97.30000305175781,99.55000305175781,97.30000305175781,99.3499984741211,171948
2024-10-31 00:00:00+00:00,97.19999694824219,97.19999694824219,97.5999984741211,96.19999694824219,96.19999694824219,198419
2024-11-01 00:00:00+00:00,97.69999694824219,97.69999694824219,98.19999694824219,97.1500015258789,97.1500015258789,64038
2024-11-04 00:00:00+00:00,96.6500015258789,96.6500015258789,98.0,96.6500015258789,97.3499984741211,88065
2024-11-05 00:00:00+00:00,93.05000305175781,93.05000305175781,97.1500015258789,91.8499984741211,97.05000305175781,274369
2024-11-06 00:00:00+00:00,93.3499984741211,93.3499984741211,95.5,93.3499984741211,94.1500015258789,210329
2024-11-07 00:00:00+00:00,95.55000305175781,95.55000305175781,95.8499984741211,93.8499984741211,93.94999694824219,138747
2024-11-08 00:00:00+00:00,94.6500015258789,94.6500015258789,95.75,94.0,95.4000015258789,99649
2024-11-11 00:00:00+00:00,95.55000305175781,95.55000305175781,95.8499984741211,94.75,95.0,88004
2024-11-12 00:00:00+00:00,93.05000305175781,93.05000305175781,95.0,92.75,95.0,162063
2024-11-13 00:00:00+00:00,93.1500015258789,93.1500015258789,93.1500015258789,91.69999694824219,92.75,148563
2024-11-14 00:00:00+00:00,94.8499984741211,94.8499984741211,95.0,93.25,94.55000305175781,155820
2024-11-15 00:00:00+00:00,93.5999984741211,93.5999984741211,94.75,93.55000305175781,94.55000305175781,157180
2024-11-18 00:00:00+00:00,94.44999694824219,94.44999694824219,94.69999694824219,93.30000305175781,93.80000305175781,111550
2024-11-19 00:00:00+00:00,94.05000305175781,94.05000305175781,94.94999694824219,92.80000305175781,94.55000305175781,128859
2024-11-20 00:00:00+00:00,93.19999694824219,93.19999694824219,94.69999694824219,93.0999984741211,94.6500015258789,27106
