2022-09-30 00:00:00+00:00,79.23316192626953,82.5,83.5,82.5,82.9000015258789,5079137
2022-10-03 00:00:00+00:00,78.56088256835938,81.80000305175781,82.72000122070312,81.0,82.5,2403446
2022-10-04 00:00:00+00:00,84.01596069335938,87.4800033569336,87.4800033569336,82.0,82.69999694824219,1599630
2022-10-05 00:00:00+00:00,84.43853759765625,87.91999816894531,89.63999938964844,86.5199966430664,87.0999984741211,1321304
2022-10-06 00:00:00+00:00,87.1276626586914,90.72000122070312,93.69999694824219,89.33999633789062,89.69999694824219,2217065
2022-10-07 00:00:00+00:00,88.47222900390625,92.12000274658203,93.0199966430664,89.69999694824219,90.72000122070312,880174
2022-10-10 00:00:00+00:00,83.84309387207031,87.30000305175781,91.81999969482422,87.27999877929688,91.4000015258789,846094
2022-10-11 00:00:00+00:00,80.28960418701172,83.5999984741211,86.9800033569336,82.5,86.9800033569336,1123986
2022-10-12 00:00:00+00:00,83.40129852294922,86.83999633789062,87.12000274658203,84.23999786376953,84.76000213623047,9901667
2022-10-13 00:00:00+00:00,83.19002532958984,86.62000274658203,88.0,85.5199966430664,86.45999908447266,428569
2022-10-14 00:00:00+00:00,84.03517150878906,87.5,90.33999633789062,86.58000183105469,87.9800033569336,429830
2022-10-17 00:00:00+00:00,86.72429656982422,90.30000305175781,90.83999633789062,88.0,88.4000015258789,339747
2022-10-18 00:00:00+00:00,88.47222900390625,92.12000274658203,92.87999725341797,90.63999938964844,91.5999984741211,409208
2022-10-19 00:00:00+00:00,89.66312408447266,93.36000061035156,93.41999816894531,91.44000244140625,92.19999694824219,370590
2022-10-20 00:00:00+00:00,90.27778625488281,94.0,94.73999786376953,93.0199966430664,93.4000015258789,310989
2022-10-21 00:00:00+00:00,92.27542114257812,96.08000183105469,96.08000183105469,92.12000274658203,93.5,501026
2022-10-24 00:00:00+00:00,91.81442260742188,95.5999984741211,98.5999984741211,94.37999725341797,97.5999984741211,550487
2022-10-25 00:00:00+00:00,94.11939239501953,98.0,99.0,95.5199966430664,95.80000305175781,460671
2022-10-26 00:00:00+00:00,95.80970001220703,99.76000213623047,99.76000213623047,97.19999694824219,98.73999786376953,269652
2022-10-27 00:00:00+00:00,95.32949829101562,99.26000213623047,100.05000305175781,97.0199966430664,99.5,433145
2022-10-28 00:00:00+00:00,95.96336364746094,99.91999816894531,101.0999984741211,95.36000061035156,97.19999694824219,560826
2022-10-31 00:00:00+00:00,99.40159606933594,103.5,106.0,100.9000015258789,101.0,588243
2022-11-01 00:00:00+00:00,99.83377838134766,103.94999694824219,106.75,103.0999984741211,105.0,452231
2022-11-02 00:00:00+00:00,98.6332778930664,102.69999694824219,105.0,101.30000305175781,104.94999694824219,489465
2022-11-03 00:00:00+00:00,95.19503784179688,99.12000274658203,101.0999984741211,97.26000213623047,101.0,452700
2022-11-04 00:00:00+00:00,96.04019927978516,100.0,102.5,98.72000122070312,100.0,361874
2022-11-07 00:00:00+00:00,96.04019927978516,100.0,102.44999694824219,99.0,99.0,333079
2022-11-08 00:00:00+00:00,95.7520751953125,99.69999694824219,101.5999984741211,98.80000305175781,101.4000015258789,246929
2022-11-09 00:00:00+00:00,97.43276977539062,101.44999694824219,101.9000015258789,98.63999938964844,99.9000015258789,239631
2022-11-10 00:00:00+00:00,97.38475799560547,101.4000015258789,102.5,99.86000061035156,102.44999694824219,366895
2022-11-11 00:00:00+00:00,95.55998992919922,99.5,104.25,99.5,102.44999694824219,424886
2022-11-14 00:00:00+00:00,96.760498046875,100.75,102.5,100.1500015258789,101.0,193391
2022-11-15 00:00:00+00:00,100.84220123291016,105.0,105.19999694824219,101.0,101.0,340962
2022-11-16 00:00:00+00:00,100.84220123291016,105.0,106.3499984741211,103.55000305175781,104.94999694824219,408578
2022-11-17 00:00:00+00:00,102.0427017211914,106.25,106.94999694824219,104.6500015258789,106.44999694824219,310967
2022-11-18 00:00:00+00:00,102.81102752685547,107.05000305175781,107.80000305175781,105.19999694824219,107.0,242920
2022-11-21 00:00:00+00:00,104.5877685546875,108.9000015258789,109.44999694824219,107.30000305175781,107.80000305175781,239185
2022-11-22 00:00:00+00:00,106.31649017333984,110.69999694824219,112.1500015258789,109.05000305175781,109.30000305175781,352650
2022-11-23 00:00:00+00:00,103.67538452148438,107.94999694824219,110.5,106.44999694824219,110.05000305175781,361428
2022-11-24 00:00:00+00:00,103.14717102050781,107.4000015258789,108.75,107.1500015258789,108.1500015258789,139609
2022-11-25 00:00:00+00:00,103.00311279296875,107.25,108.9000015258789,107.0999984741211,108.1500015258789,177693
2022-11-28 00:00:00+00:00,100.84220123291016,105.0,106.4000015258789,103.6500015258789,106.4000015258789,246088
2022-11-29 00:00:00+00:00,102.23477935791016,106.44999694824219,106.94999694824219,104.69999694824219,105.5,184455
2022-11-30 00:00:00+00:00,104.49173736572266,108.80000305175781,108.80000305175781,106.55000305175781,106.8499984741211,1875288
2022-12-01 00:00:00+00:00,103.38726806640625,107.6500015258789,108.69999694824219,106.30000305175781,108.69999694824219,394158
2022-12-02 00:00:00+00:00,102.76300811767578,107.0,108.1500015258789,106.19999694824219,107.6500015258789,202643
2022-12-05 00:00:00+00:00,101.51448822021484,105.69999694824219,108.0999984741211,104.94999694824219,107.94999694824219,314934
2022-12-06 00:00:00+00:00,100.84220123291016,105.0,107.30000305175781,104.6500015258789,106.5,256994
2022-12-07 00:00:00+00:00,101.32240295410156,105.5,106.9000015258789,104.0,104.80000305175781,254065
2022-12-08 00:00:00+00:00,97.33673095703125,101.3499984741211,106.0,100.4000015258789,106.0,463136
2022-12-09 00:00:00+00:00,97.38475799560547,101.4000015258789,102.0,99.83999633789062,101.80000305175781,290889
2022-12-12 00:00:00+00:00,98.153076171875,102.19999694824219,103.5,100.5,101.0,240855
2022-12-13 00:00:00+00:00,99.73773956298828,103.8499984741211,105.5,102.1500015258789,102.30000305175781,256470
2022-12-14 00:00:00+00:00,97.52882385253906,101.55000305175781,103.44999694824219,101.4000015258789,103.3499984741211,200140
2022-12-15 00:00:00+00:00,93.86968231201172,97.73999786376953,103.05000305175781,97.27999877929688,101.5,513009
2022-12-16 00:00:00+00:00,89.93203735351562,93.63999938964844,99.45999908447266,92.9800033569336,98.5999984741211,3615659
2022-12-19 00:00:00+00:00,93.04373931884766,96.87999725341797,98.19999694824219,95.30000305175781,95.33999633789062,453553
2022-12-20 00:00:00+00:00,89.24054718017578,92.91999816894531,96.0,92.58000183105469,95.30000305175781,428456
2022-12-21 00:00:00+00:00,90.71956634521484,94.45999908447266,94.45999908447266,91.80000305175781,93.0199966430664,333290
2022-12-22 00:00:00+00:00,88.24172973632812,91.87999725341797,95.4000015258789,91.0,95.0,322635
2022-12-23 00:00:00+00:00,88.47222900390625,92.12000274658203,93.0,91.31999969482422,92.0199966430664,204385
2022-12-27 00:00:00+00:00,90.68115234375,94.41999816894531,96.12000274658203,92.86000061035156,93.26000213623047,250908
2022-12-28 00:00:00+00:00,89.27896118164062,92.95999908447266,95.44000244140625,92.5199966430664,95.0199966430664,307152
2022-12-29 00:00:00+00:00,91.62234497070312,95.4000015258789,95.44000244140625,92.58000183105469,92.86000061035156,187746
2022-12-30 00:00:00+00:00,90.99808502197266,94.75,95.5,94.0,95.5,116065
2023-01-02 00:00:00+00:00,91.67035675048828,95.44999694824219,96.4000015258789,94.75,95.4000015258789,189008
2023-01-03 00:00:00+00:00,90.51787567138672,94.25,97.05000305175781,94.25,95.69999694824219,465823
2023-01-04 00:00:00+00:00,91.28620910644531,95.05000305175781,95.55000305175781,93.4000015258789,95.1500015258789,448572
2023-01-05 00:00:00+00:00,92.10254669189453,95.9000015258789,95.94999694824219,94.5999984741211,95.4000015258789,310572
2023-01-06 00:00:00+00:00,91.95848083496094,95.75,96.05000305175781,93.75,96.0,325291
2023-01-09 00:00:00+00:00,95.89613342285156,99.8499984741211,100.30000305175781,94.80000305175781,96.19999694824219,480397
2023-01-10 00:00:00+00:00,97.09663391113281,101.0999984741211,101.69999694824219,98.5,99.69999694824219,469619
2023-01-11 00:00:00+00:00,98.72932434082031,102.80000305175781,103.30000305175781,100.5,101.80000305175781,521883
2023-01-12 00:00:00+00:00,100.65013122558594,104.80000305175781,105.80000305175781,102.19999694824219,102.69999694824219,559626
2023-01-13 00:00:00+00:00,100.65013122558594,104.80000305175781,104.80000305175781,104.80000305175781,104.80000305175781,0
2023-01-16 00:00:00+00:00,99.3055648803711,103.4000015258789,105.80000305175781,101.19999694824219,105.30000305175781,479892
2023-01-17 00:00:00+00:00,102.37884521484375,106.5999984741211,106.5999984741211,102.5999984741211,103.4000015258789,573345
2023-01-18 00:00:00+00:00,100.45803833007812,104.5999984741211,106.4000015258789,104.5,106.0,366354
2023-01-19 00:00:00+00:00,100.07388305664062,104.19999694824219,105.0999984741211,102.30000305175781,103.9000015258789,452507
2023-01-20 00:00:00+00:00,98.6332778930664,102.69999694824219,105.4000015258789,101.30000305175781,105.4000015258789,500706
2023-01-23 00:00:00+00:00,100.169921875,104.30000305175781,104.5999984741211,103.0999984741211,103.4000015258789,279689
2023-01-24 00:00:00+00:00,98.72932434082031,102.80000305175781,105.0999984741211,101.5999984741211,104.19999694824219,389089
2023-01-25 00:00:00+00:00,99.97783660888672,104.0999984741211,104.30000305175781,101.69999694824219,102.4000015258789,412194
2023-01-26 00:00:00+00:00,100.84220123291016,105.0,105.9000015258789,104.19999694824219,104.19999694824219,465346
2023-01-27 00:00:00+00:00,100.84220123291016,105.0,105.0,105.0,105.0,0
2023-01-30 00:00:00+00:00,102.76300811767578,107.0,107.5,104.5999984741211,107.0,579698
2023-01-31 00:00:00+00:00,104.6838150024414,109.0,109.0,106.0999984741211,106.69999694824219,564704
2023-02-01 00:00:00+00:00,105.16400909423828,109.5,111.30000305175781,108.0,109.5999984741211,574512
2023-02-02 00:00:00+00:00,113.71159362792969,118.4000015258789,118.5,110.4000015258789,110.69999694824219,875608
2023-02-03 00:00:00+00:00,110.1581039428711,114.69999694824219,116.9000015258789,113.80000305175781,115.80000305175781,548902
2023-02-06 00:00:00+00:00,106.79669189453125,111.19999694824219,114.30000305175781,110.30000305175781,113.0,473779
2023-02-07 00:00:00+00:00,108.1412582397461,112.5999984741211,113.5,110.19999694824219,111.69999694824219,261116
2023-02-08 00:00:00+00:00,109.29374694824219,113.80000305175781,115.0,111.19999694824219,113.5,402401
2023-02-09 00:00:00+00:00,109.96601867675781,114.5,115.30000305175781,114.0,114.5999984741211,375664
2023-02-10 00:00:00+00:00,109.00562286376953,113.5,115.0,113.0999984741211,114.0,359651
2023-02-13 00:00:00+00:00,109.29374694824219,113.80000305175781,114.5999984741211,112.0,113.80000305175781,224309
2023-02-14 00:00:00+00:00,109.67789459228516,114.19999694824219,115.0999984741211,113.19999694824219,114.5999984741211,271234
2023-02-15 00:00:00+00:00,110.44622802734375,115.0,115.19999694824219,113.5999984741211,114.30000305175781,210834
2023-02-16 00:00:00+00:00,110.35018157958984,114.9000015258789,115.5999984741211,112.4000015258789,115.19999694824219,249481
2023-02-17 00:00:00+00:00,109.58186340332031,114.0999984741211,114.80000305175781,113.0,114.5,316663
2023-02-20 00:00:00+00:00,109.96601867675781,114.5,115.0999984741211,114.0,114.80000305175781,157896
2023-02-21 00:00:00+00:00,108.81354522705078,113.30000305175781,114.80000305175781,112.9000015258789,114.0,180455
2023-02-22 00:00:00+00:00,109.00562286376953,113.5,113.80000305175781,111.30000305175781,112.5,267829
2023-02-23 00:00:00+00:00,109.67789459228516,114.19999694824219,114.80000305175781,112.9000015258789,113.9000015258789,232184
2023-02-24 00:00:00+00:00,106.12442016601562,110.5,114.4000015258789,110.30000305175781,114.4000015258789,536045
2023-02-27 00:00:00+00:00,108.33333587646484,112.80000305175781,113.69999694824219,111.30000305175781,112.19999694824219,346989
2023-02-28 00:00:00+00:00,109.58186340332031,114.0999984741211,114.69999694824219,111.4000015258789,112.0999984741211,426939
2023-03-01 00:00:00+00:00,108.71749877929688,113.19999694824219,114.80000305175781,113.0,114.4000015258789,273861
2023-03-02 00:00:00+00:00,107.66105651855469,112.0999984741211,113.19999694824219,111.9000015258789,112.5,356562
2023-03-03 00:00:00+00:00,110.1581039428711,114.69999694824219,115.30000305175781,112.19999694824219,112.30000305175781,519714
2023-03-06 00:00:00+00:00,110.44622802734375,115.0,115.30000305175781,114.0999984741211,114.4000015258789,395790
2023-03-07 00:00:00+00:00,111.40662384033203,116.0,117.4000015258789,114.5,114.69999694824219,347210
2023-03-08 00:00:00+00:00,113.32743072509766,118.0,118.4000015258789,115.5,115.5999984741211,407705
2023-03-09 00:00:00+00:00,111.40662384033203,116.0,118.0999984741211,114.5999984741211,117.69999694824219,520674
2023-03-10 00:00:00+00:00,109.58186340332031,114.0999984741211,114.0999984741211,111.5999984741211,113.80000305175781,603948
2023-03-13 00:00:00+00:00,104.5877685546875,108.9000015258789,116.69999694824219,107.19999694824219,114.0999984741211,666452
2023-03-14 00:00:00+00:00,110.44622802734375,115.0,115.0,109.0999984741211,110.5,767053
2023-03-15 00:00:00+00:00,108.42938232421875,112.9000015258789,116.69999694824219,111.9000015258789,115.0,618461
2023-03-16 00:00:00+00:00,110.83038330078125,115.4000015258789,116.0999984741211,112.4000015258789,114.9000015258789,423757
2023-03-17 00:00:00+00:00,110.06205749511719,114.5999984741211,117.0,112.80000305175781,116.0,1214764
2023-03-20 00:00:00+00:00,108.23729705810547,112.69999694824219,113.69999694824219,110.9000015258789,112.0,375139
2023-03-21 00:00:00+00:00,109.96601867675781,114.5,114.80000305175781,113.5,114.5,399084
2023-03-22 00:00:00+00:00,110.83038330078125,115.4000015258789,117.69999694824219,114.69999694824219,115.0,411365
2023-03-23 00:00:00+00:00,110.5422592163086,115.0999984741211,115.80000305175781,113.4000015258789,115.19999694824219,281331
2023-03-24 00:00:00+00:00,107.94918060302734,112.4000015258789,115.5,111.69999694824219,115.0,425194
2023-03-27 00:00:00+00:00,111.11849975585938,115.69999694824219,116.9000015258789,114.0999984741211,114.0999984741211,344569
2023-03-28 00:00:00+00:00,111.21454620361328,115.80000305175781,116.5999984741211,115.4000015258789,116.4000015258789,146398
2023-03-29 00:00:00+00:00,113.1353530883789,117.80000305175781,117.80000305175781,115.5,116.9000015258789,394331
2023-03-30 00:00:00+00:00,112.36702728271484,117.0,119.0,116.5999984741211,118.19999694824219,347775
2023-03-31 00:00:00+00:00,113.32743072509766,118.0,118.0,116.0999984741211,117.30000305175781,332958
2023-04-03 00:00:00+00:00,112.84722900390625,117.5,118.8499984741211,117.19999694824219,118.0,238364
2023-04-04 00:00:00+00:00,113.23138427734375,117.9000015258789,118.25,117.4000015258789,117.75,272589
2023-04-05 00:00:00+00:00,113.23138427734375,117.9000015258789,118.0999984741211,117.05000305175781,118.0999984741211,331991
2023-04-06 00:00:00+00:00,113.23138427734375,117.9000015258789,118.0999984741211,116.69999694824219,117.44999694824219,160040
2023-04-11 00:00:00+00:00,113.85565185546875,118.55000305175781,119.75,118.30000305175781,118.75,205350
2023-04-12 00:00:00+00:00,113.90367126464844,118.5999984741211,120.0999984741211,118.5999984741211,118.80000305175781,267911
2023-04-13 00:00:00+00:00,113.95169067382812,118.6500015258789,119.25,118.19999694824219,118.69999694824219,201078
2023-04-14 00:00:00+00:00,114.1917953491211,118.9000015258789,119.6500015258789,118.5,119.1500015258789,205994
2023-04-17 00:00:00+00:00,112.60712432861328,117.25,119.6500015258789,117.05000305175781,119.5,335952
2023-04-18 00:00:00+00:00,111.88682556152344,116.5,118.1500015258789,116.05000305175781,117.8499984741211,262772
2023-04-19 00:00:00+00:00,111.5026626586914,116.0999984741211,116.30000305175781,114.9000015258789,116.30000305175781,207570
2023-04-20 00:00:00+00:00,108.62145233154297,113.0999984741211,116.05000305175781,111.8499984741211,116.05000305175781,384768
2023-04-21 00:00:00+00:00,110.44622802734375,115.0,115.3499984741211,113.6500015258789,113.9000015258789,317729
2023-04-24 00:00:00+00:00,110.49424743652344,115.05000305175781,115.75,114.05000305175781,114.8499984741211,157787
2023-04-25 00:00:00+00:00,110.20612335205078,114.75,115.30000305175781,114.05000305175781,114.69999694824219,177181
2023-04-26 00:00:00+00:00,110.06205749511719,114.5999984741211,115.1500015258789,113.69999694824219,114.25,230911
2023-04-27 00:00:00+00:00,109.00562286376953,113.5,115.44999694824219,112.94999694824219,114.8499984741211,263064
2023-04-28 00:00:00+00:00,108.90957641601562,113.4000015258789,114.44999694824219,111.05000305175781,114.44999694824219,332324
2023-05-02 00:00:00+00:00,106.07638549804688,110.44999694824219,114.19999694824219,110.25,114.1500015258789,355503
2023-05-03 00:00:00+00:00,106.31649017333984,110.69999694824219,111.6500015258789,107.3499984741211,111.6500015258789,536553
2023-05-04 00:00:00+00:00,107.27689361572266,111.69999694824219,112.8499984741211,110.0,112.80000305175781,377643
2023-05-05 00:00:00+00:00,110.87840270996094,115.44999694824219,115.5,112.25,112.25,388325
2023-05-08 00:00:00+00:00,109.19769287109375,113.69999694824219,115.4000015258789,112.5,115.4000015258789,275774
2023-05-09 00:00:00+00:00,108.71749877929688,113.19999694824219,114.94999694824219,112.5999984741211,114.0,254158
2023-05-10 00:00:00+00:00,109.72592163085938,114.25,114.69999694824219,113.30000305175781,113.6500015258789,242344
2023-05-11 00:00:00+00:00,109.82195281982422,114.3499984741211,115.55000305175781,113.55000305175781,114.1500015258789,243515
2023-05-12 00:00:00+00:00,109.82195281982422,114.3499984741211,114.3499984741211,114.3499984741211,114.3499984741211,0
2023-05-15 00:00:00+00:00,110.59028625488281,115.1500015258789,116.05000305175781,114.8499984741211,115.80000305175781,241680
2023-05-16 00:00:00+00:00,108.57344055175781,113.05000305175781,115.0,112.44999694824219,115.0,227637
2023-05-17 00:00:00+00:00,107.80511474609375,112.25,112.8499984741211,112.05000305175781,112.75,260589
2023-05-18 00:00:00+00:00,110.5422592163086,115.0999984741211,115.55000305175781,112.80000305175781,112.8499984741211,289506
2023-05-19 00:00:00+00:00,113.71159362792969,118.4000015258789,118.69999694824219,115.8499984741211,116.05000305175781,458710
2023-05-22 00:00:00+00:00,115.58436584472656,120.3499984741211,120.44999694824219,118.4000015258789,118.75,333841
2023-05-23 00:00:00+00:00,115.58436584472656,120.3499984741211,120.80000305175781,119.19999694824219,120.44999694824219,237142
2023-05-24 00:00:00+00:00,111.11849975585938,115.69999694824219,119.19999694824219,114.44999694824219,119.19999694824219,323666
2023-05-25 00:00:00+00:00,110.30216217041016,114.8499984741211,116.80000305175781,114.55000305175781,116.25,220270
2023-05-26 00:00:00+00:00,113.27940368652344,117.94999694824219,118.44999694824219,115.4000015258789,115.55000305175781,201763
2023-05-29 00:00:00+00:00,112.5591049194336,117.19999694824219,119.30000305175781,116.9000015258789,119.0,140355
2023-05-30 00:00:00+00:00,112.36702728271484,117.0,118.44999694824219,116.69999694824219,117.3499984741211,163556
2023-05-31 00:00:00+00:00,111.5506820678711,116.1500015258789,118.0,115.05000305175781,116.0999984741211,855104
2023-06-01 00:00:00+00:00,111.5506820678711,116.1500015258789,117.5,114.80000305175781,117.5,254524
2023-06-02 00:00:00+00:00,113.32743072509766,118.0,118.5,115.8499984741211,117.05000305175781,247854
2023-06-05 00:00:00+00:00,113.71159362792969,118.4000015258789,118.9000015258789,117.0,117.69999694824219,244396
2023-06-06 00:00:00+00:00,111.69474792480469,116.30000305175781,118.55000305175781,115.69999694824219,118.05000305175781,229895
2023-06-07 00:00:00+00:00,112.22296905517578,116.8499984741211,118.0,116.0999984741211,116.5999984741211,183837
2023-06-08 00:00:00+00:00,112.75119018554688,117.4000015258789,118.55000305175781,115.8499984741211,116.1500015258789,156671
2023-06-09 00:00:00+00:00,112.07890319824219,116.69999694824219,118.05000305175781,116.55000305175781,117.80000305175781,183817
2023-06-12 00:00:00+00:00,112.79920959472656,117.44999694824219,118.9000015258789,117.4000015258789,117.80000305175781,173532
2023-06-13 00:00:00+00:00,113.66356658935547,118.3499984741211,119.19999694824219,117.6500015258789,118.25,333155
2023-06-14 00:00:00+00:00,112.60712432861328,117.25,120.19999694824219,117.05000305175781,118.44999694824219,459165
2023-06-15 00:00:00+00:00,109.77394104003906,114.30000305175781,117.4000015258789,113.0,117.25,494162
2023-06-16 00:00:00+00:00,110.11007690429688,114.6500015258789,116.0999984741211,113.8499984741211,114.75,733760
2023-06-19 00:00:00+00:00,109.34175872802734,113.8499984741211,114.44999694824219,113.44999694824219,114.4000015258789,160645
2023-06-20 00:00:00+00:00,107.90116119384766,112.3499984741211,113.6500015258789,111.94999694824219,113.6500015258789,228620
2023-06-21 00:00:00+00:00,107.18085479736328,111.5999984741211,112.9000015258789,111.05000305175781,112.5,203835
2023-06-22 00:00:00+00:00,105.6922378540039,110.05000305175781,111.1500015258789,108.55000305175781,111.0,278410
2023-06-23 00:00:00+00:00,104.10757446289062,108.4000015258789,110.1500015258789,108.4000015258789,110.05000305175781,309855
2023-06-26 00:00:00+00:00,104.53974914550781,108.8499984741211,109.6500015258789,107.6500015258789,109.0999984741211,256845
2023-06-27 00:00:00+00:00,103.48330688476562,107.75,109.44999694824219,107.1500015258789,109.4000015258789,283316
2023-06-28 00:00:00+00:00,105.01995086669922,109.3499984741211,109.9000015258789,107.80000305175781,108.4000015258789,253078
2023-06-29 00:00:00+00:00,108.85860443115234,112.30000305175781,112.94999694824219,109.05000305175781,109.1500015258789,379901
2023-06-30 00:00:00+00:00,110.26416015625,113.75,113.94999694824219,111.8499984741211,112.9000015258789,322740
2023-07-03 00:00:00+00:00,110.16722869873047,113.6500015258789,116.4000015258789,113.55000305175781,115.0,284376
2023-07-04 00:00:00+00:00,110.70037078857422,114.19999694824219,114.55000305175781,112.4000015258789,113.5,180288
2023-07-05 00:00:00+00:00,109.77948760986328,113.25,114.30000305175781,112.0999984741211,113.5,237927
2023-07-06 00:00:00+00:00,106.19287109375,109.55000305175781,112.80000305175781,108.8499984741211,112.80000305175781,294268
2023-07-07 00:00:00+00:00,106.96835327148438,110.3499984741211,110.4000015258789,107.80000305175781,109.05000305175781,247272
2023-07-10 00:00:00+00:00,107.79230499267578,111.19999694824219,112.05000305175781,109.55000305175781,110.5,220788
2023-07-11 00:00:00+00:00,109.14940643310547,112.5999984741211,112.80000305175781,111.1500015258789,112.0999984741211,273215
2023-07-12 00:00:00+00:00,110.65190887451172,114.1500015258789,114.75,111.8499984741211,113.0999984741211,270861
2023-07-13 00:00:00+00:00,110.89424896240234,114.4000015258789,115.55000305175781,113.1500015258789,114.5,199183
2023-07-14 00:00:00+00:00,111.18505096435547,114.69999694824219,114.8499984741211,113.80000305175781,114.5,150511
2023-07-17 00:00:00+00:00,110.74884033203125,114.25,114.5999984741211,111.94999694824219,113.69999694824219,200851
2023-07-18 00:00:00+00:00,109.10093688964844,112.55000305175781,114.6500015258789,112.55000305175781,114.6500015258789,197994
2023-07-19 00:00:00+00:00,109.53714752197266,113.0,113.80000305175781,112.5999984741211,113.0,190588
2023-07-20 00:00:00+00:00,109.00399780273438,112.44999694824219,113.5,112.4000015258789,112.75,145196
2023-07-21 00:00:00+00:00,107.79230499267578,111.19999694824219,113.1500015258789,111.19999694824219,112.4000015258789,278759
2023-07-24 00:00:00+00:00,108.13158416748047,111.55000305175781,112.05000305175781,110.55000305175781,111.0,255335
2023-07-25 00:00:00+00:00,107.59843444824219,111.0,112.75,110.25,112.05000305175781,273189
2023-07-26 00:00:00+00:00,105.3689193725586,108.69999694824219,111.0,106.69999694824219,111.0,604215
2023-07-27 00:00:00+00:00,106.48367309570312,109.8499984741211,110.5,108.5,109.44999694824219,479049
2023-07-28 00:00:00+00:00,108.81012725830078,112.25,112.6500015258789,109.25,110.0,358413
2023-07-31 00:00:00+00:00,107.79230499267578,111.19999694824219,112.5999984741211,111.0999984741211,112.05000305175781,266562
2023-08-01 00:00:00+00:00,108.95553588867188,112.4000015258789,112.6500015258789,109.69999694824219,111.30000305175781,315612
2023-08-02 00:00:00+00:00,110.11875915527344,113.5999984741211,113.5999984741211,110.1500015258789,110.8499984741211,353797
2023-08-03 00:00:00+00:00,106.87142181396484,110.25,113.4000015258789,109.6500015258789,112.94999694824219,320772
2023-08-04 00:00:00+00:00,107.11376190185547,110.5,111.44999694824219,109.69999694824219,111.0,183600
2023-08-07 00:00:00+00:00,104.88423919677734,108.19999694824219,110.0999984741211,107.19999694824219,110.0,282975
2023-08-08 00:00:00+00:00,102.94552612304688,106.19999694824219,109.0,105.3499984741211,107.75,574078
2023-08-09 00:00:00+00:00,101.83077239990234,105.05000305175781,106.94999694824219,105.05000305175781,106.4000015258789,318196
2023-08-10 00:00:00+00:00,102.12157440185547,105.3499984741211,106.69999694824219,105.19999694824219,105.69999694824219,290921
2023-08-11 00:00:00+00:00,101.49149322509766,104.69999694824219,105.9000015258789,104.30000305175781,105.0999984741211,225376
2023-08-14 00:00:00+00:00,101.34609985351562,104.55000305175781,105.0,103.19999694824219,104.1500015258789,197450
2023-08-15 00:00:00+00:00,100.52214050292969,103.69999694824219,104.94999694824219,103.05000305175781,104.5,166457
2023-08-16 00:00:00+00:00,101.05529022216797,104.25,104.8499984741211,103.4000015258789,103.5999984741211,148680
2023-08-17 00:00:00+00:00,100.9583511352539,104.1500015258789,105.25,103.19999694824219,103.44999694824219,200210
2023-08-18 00:00:00+00:00,98.97117614746094,102.0999984741211,103.5999984741211,100.30000305175781,103.44999694824219,466102
2023-08-21 00:00:00+00:00,98.72883605957031,101.8499984741211,103.4000015258789,101.5999984741211,101.94999694824219,154361
2023-08-22 00:00:00+00:00,98.00181579589844,101.0999984741211,102.8499984741211,101.0999984741211,102.8499984741211,182070
2023-08-23 00:00:00+00:00,97.2263412475586,100.30000305175781,101.55000305175781,99.94000244140625,101.44999694824219,288345
2023-08-24 00:00:00+00:00,96.85797882080078,99.91999816894531,101.5,99.76000213623047,101.0,151933
2023-08-25 00:00:00+00:00,96.98400115966797,100.05000305175781,101.0999984741211,99.12000274658203,99.5999984741211,165064
2023-08-28 00:00:00+00:00,97.2748031616211,100.3499984741211,101.30000305175781,100.25,100.9000015258789,136725
2023-08-29 00:00:00+00:00,99.50431823730469,102.6500015258789,102.6500015258789,100.69999694824219,101.05000305175781,201601
2023-08-30 00:00:00+00:00,97.9048843383789,101.0,103.05000305175781,100.5999984741211,103.0,243046
2023-08-31 00:00:00+00:00,98.72883605957031,101.8499984741211,102.30000305175781,100.8499984741211,101.44999694824219,417224
2023-09-01 00:00:00+00:00,95.15191650390625,98.16000366210938,101.80000305175781,97.73999786376953,101.80000305175781,476292
2023-09-04 00:00:00+00:00,95.84984588623047,98.87999725341797,99.91999816894531,98.77999877929688,98.83999633789062,170763
2023-09-05 00:00:00+00:00,97.75947570800781,100.8499984741211,101.30000305175781,98.23999786376953,98.69999694824219,388852
2023-09-06 00:00:00+00:00,98.72883605957031,101.8499984741211,102.0999984741211,100.0999984741211,100.25,321633
2023-09-07 00:00:00+00:00,98.05028533935547,101.1500015258789,102.6500015258789,100.69999694824219,101.19999694824219,223764
2023-09-08 00:00:00+00:00,98.19569396972656,101.30000305175781,101.44999694824219,100.30000305175781,100.75,237333
2023-09-11 00:00:00+00:00,97.75947570800781,100.8499984741211,102.44999694824219,100.80000305175781,101.9000015258789,218326
2023-09-12 00:00:00+00:00,97.0809326171875,100.1500015258789,101.30000305175781,99.95999908447266,101.19999694824219,316513
2023-09-13 00:00:00+00:00,96.58656311035156,99.63999938964844,102.05000305175781,99.0,99.95999908447266,384459
2023-09-14 00:00:00+00:00,94.29888153076172,97.27999877929688,99.80000305175781,96.26000213623047,99.80000305175781,719509
2023-09-15 00:00:00+00:00,96.0631103515625,99.0999984741211,99.33999633789062,96.66000366210938,98.13999938964844,819190
2023-09-18 00:00:00+00:00,93.2907485961914,96.23999786376953,99.0999984741211,95.80000305175781,99.0999984741211,359593
2023-09-19 00:00:00+00:00,92.3989486694336,95.31999969482422,97.58000183105469,94.27999877929688,96.4000015258789,784850
2023-09-20 00:00:00+00:00,91.73978424072266,94.63999938964844,96.05999755859375,94.41999816894531,95.4800033569336,486217
2023-09-21 00:00:00+00:00,89.87862396240234,92.72000122070312,94.12000274658203,91.27999877929688,93.76000213623047,523429
2023-09-22 00:00:00+00:00,90.11126708984375,92.95999908447266,93.62000274658203,91.73999786376953,92.9800033569336,472697
2023-09-25 00:00:00+00:00,90.15003967285156,93.0,93.0199966430664,91.23999786376953,92.4800033569336,346705
2023-09-26 00:00:00+00:00,87.06748962402344,89.81999969482422,92.9000015258789,89.72000122070312,92.9000015258789,506163
2023-09-27 00:00:00+00:00,85.24510955810547,87.94000244140625,90.4800033569336,87.58000183105469,89.81999969482422,478131
2023-09-28 00:00:00+00:00,85.16755676269531,87.86000061035156,88.33999633789062,86.5999984741211,87.5199966430664,572613
2023-09-29 00:00:00+00:00,86.27262115478516,89.0,90.22000122070312,88.22000122070312,88.69999694824219,463788
2023-10-02 00:00:00+00:00,86.81546020507812,89.55999755859375,89.81999969482422,88.9000015258789,89.69999694824219,255367
2023-10-03 00:00:00+00:00,86.87362670898438,89.62000274658203,90.16000366210938,88.95999908447266,89.30000305175781,329217
2023-10-04 00:00:00+00:00,87.26136016845703,90.0199966430664,90.0199966430664,87.77999877929688,88.12000274658203,309426
2023-10-05 00:00:00+00:00,85.5359115600586,88.23999786376953,90.23999786376953,88.16000366210938,90.19999694824219,272044
2023-10-06 00:00:00+00:00,86.48587799072266,89.22000122070312,89.62000274658203,88.41999816894531,88.45999908447266,297685
2023-10-09 00:00:00+00:00,85.30326843261719,88.0,89.12000274658203,87.83999633789062,89.0,314420
2023-10-10 00:00:00+00:00,86.91239929199219,89.66000366210938,90.27999877929688,88.72000122070312,88.81999969482422,459568
2023-10-11 00:00:00+00:00,87.3582992553711,90.12000274658203,93.33999633789062,87.73999786376953,89.44000244140625,815784
2023-10-12 00:00:00+00:00,87.62972259521484,90.4000015258789,91.5999984741211,90.13999938964844,91.19999694824219,399611
2023-10-13 00:00:00+00:00,87.8235855102539,90.5999984741211,92.0199966430664,90.13999938964844,90.31999969482422,459461
2023-10-16 00:00:00+00:00,87.5715560913086,90.33999633789062,91.22000122070312,89.45999908447266,91.0,254449
2023-10-17 00:00:00+00:00,88.54090881347656,91.33999633789062,91.44000244140625,90.0199966430664,90.33999633789062,217472
2023-10-18 00:00:00+00:00,88.75416564941406,91.55999755859375,92.5,90.87999725341797,91.30000305175781,355974
2023-10-19 00:00:00+00:00,88.50214385986328,91.30000305175781,92.68000030517578,90.12000274658203,90.5199966430664,419676
2023-10-20 00:00:00+00:00,86.38894653320312,89.12000274658203,90.69999694824219,88.68000030517578,90.55999755859375,466606
2023-10-23 00:00:00+00:00,85.32264709472656,88.0199966430664,89.9800033569336,86.91999816894531,89.73999786376953,382432
2023-10-24 00:00:00+00:00,84.23697662353516,86.9000015258789,88.31999969482422,86.54000091552734,88.23999786376953,471066
2023-10-25 00:00:00+00:00,83.86861419677734,86.5199966430664,89.19999694824219,85.27999877929688,88.54000091552734,543251
2023-10-26 00:00:00+00:00,80.9605484008789,83.5199966430664,85.0,82.66000366210938,85.0,656878
2023-10-27 00:00:00+00:00,79.60346221923828,82.12000274658203,84.18000030517578,81.87999725341797,83.13999938964844,562688
2023-10-30 00:00:00+00:00,80.70852661132812,83.26000213623047,83.5999984741211,82.16000366210938,82.4800033569336,443560
2023-10-31 00:00:00+00:00,80.01058959960938,82.54000091552734,83.95999908447266,81.9000015258789,83.94000244140625,401291
2023-11-01 00:00:00+00:00,79.70039367675781,82.22000122070312,83.55999755859375,82.22000122070312,83.13999938964844,339500
2023-11-02 00:00:00+00:00,84.02371978759766,86.68000030517578,86.80000305175781,82.5,83.19999694824219,613434
2023-11-03 00:00:00+00:00,87.377685546875,90.13999938964844,90.77999877929688,88.0999984741211,88.12000274658203,761339
2023-11-06 00:00:00+00:00,87.55216979980469,90.31999969482422,91.33999633789062,89.76000213623047,90.5,0
2023-11-07 00:00:00+00:00,86.64097595214844,89.37999725341797,90.33999633789062,88.58000183105469,89.83999633789062,251323
2023-11-08 00:00:00+00:00,86.35017395019531,89.08000183105469,90.19999694824219,88.54000091552734,88.94000244140625,236758
2023-11-09 00:00:00+00:00,85.5359115600586,88.23999786376953,89.4800033569336,87.87999725341797,89.30000305175781,287231
2023-11-10 00:00:00+00:00,84.74103546142578,87.41999816894531,87.95999908447266,86.4000015258789,87.58000183105469,202743
2023-11-13 00:00:00+00:00,85.18694305419922,87.87999725341797,88.05999755859375,86.68000030517578,87.86000061035156,216516
2023-11-14 00:00:00+00:00,89.02558898925781,91.83999633789062,92.23999786376953,88.4000015258789,89.0,448503
2023-11-15 00:00:00+00:00,88.50214385986328,91.30000305175781,93.08000183105469,90.81999969482422,92.5199966430664,380909
2023-11-16 00:00:00+00:00,87.31952667236328,90.08000183105469,91.23999786376953,90.08000183105469,90.77999877929688,238313
2023-11-17 00:00:00+00:00,88.13378143310547,90.91999816894531,91.54000091552734,89.86000061035156,90.0,280445
2023-11-20 00:00:00+00:00,88.05622863769531,90.83999633789062,91.19999694824219,89.54000091552734,91.0,244095
2023-11-21 00:00:00+00:00,86.9705581665039,89.72000122070312,91.18000030517578,89.16000366210938,90.73999786376953,225162
2023-11-22 00:00:00+00:00,85.5746841430664,88.27999877929688,90.4000015258789,88.27999877929688,89.72000122070312,480369
2023-11-23 00:00:00+00:00,81.9105224609375,84.5,88.66000366210938,84.33999633789062,88.30000305175781,819054
2023-11-24 00:00:00+00:00,83.46148681640625,86.0999984741211,86.4800033569336,83.63999938964844,84.30000305175781,445411
2023-11-27 00:00:00+00:00,81.85236358642578,84.44000244140625,86.27999877929688,84.30000305175781,86.18000030517578,383290
2023-11-28 00:00:00+00:00,81.61971282958984,84.19999694824219,84.31999969482422,82.94000244140625,84.19999694824219,295851
2023-11-29 00:00:00+00:00,82.27887725830078,84.87999725341797,85.31999969482422,84.41999816894531,84.41999816894531,389779
2023-11-30 00:00:00+00:00,81.48400115966797,84.05999755859375,85.44000244140625,84.05999755859375,85.37999725341797,862836
2023-12-01 00:00:00+00:00,81.32891082763672,83.9000015258789,84.72000122070312,83.26000213623047,84.54000091552734,499090
2023-12-04 00:00:00+00:00,80.80545806884766,83.36000061035156,84.0199966430664,82.94000244140625,84.0,565694
2023-12-05 00:00:00+00:00,81.1350326538086,83.69999694824219,84.22000122070312,82.55999755859375,83.33999633789062,597410
2023-12-06 00:00:00+00:00,81.7166519165039,84.30000305175781,85.45999908447266,84.22000122070312,84.66000366210938,781860
2023-12-07 00:00:00+00:00,79.83610534667969,82.36000061035156,84.44000244140625,81.31999969482422,84.44000244140625,1134819
2023-12-08 00:00:00+00:00,80.99932861328125,83.55999755859375,84.05999755859375,81.9000015258789,82.36000061035156,590684
2023-12-11 00:00:00+00:00,79.62284088134766,82.13999938964844,84.23999786376953,82.13999938964844,83.80000305175781,547275
2023-12-12 00:00:00+00:00,79.33203125,81.83999633789062,82.86000061035156,81.58000183105469,82.5999984741211,675733
2023-12-13 00:00:00+00:00,78.76981353759766,81.26000213623047,82.9000015258789,81.26000213623047,82.4800033569336,587463
2023-12-14 00:00:00+00:00,78.51777648925781,81.0,83.5,81.0,83.19999694824219,1569733
2023-12-15 00:00:00+00:00,78.51777648925781,81.0,82.13999938964844,80.27999877929688,81.87999725341797,1222868
2023-12-18 00:00:00+00:00,78.34329223632812,80.81999969482422,81.37999725341797,79.83999633789062,81.19999694824219,444778
2023-12-19 00:00:00+00:00,77.97494506835938,80.44000244140625,81.05999755859375,79.86000061035156,80.55999755859375,466033
2023-12-20 00:00:00+00:00,77.91677856445312,80.37999725341797,81.37999725341797,80.18000030517578,80.37999725341797,425678
2023-12-21 00:00:00+00:00,77.8392333984375,80.30000305175781,80.54000091552734,79.63999938964844,80.0,397311
2023-12-22 00:00:00+00:00,77.6259765625,80.08000183105469,80.66000366210938,79.9000015258789,80.19999694824219,285531
2023-12-27 00:00:00+00:00,77.64535522460938,80.0999984741211,80.77999877929688,80.04000091552734,80.44000244140625,234984
2023-12-28 00:00:00+00:00,77.45149230957031,79.9000015258789,80.31999969482422,79.9000015258789,80.12000274658203,260465
2023-12-29 00:00:00+00:00,77.45149230957031,79.9000015258789,80.18000030517578,79.9000015258789,79.9800033569336,185880
2024-01-02 00:00:00+00:00,77.64535522460938,80.0999984741211,81.13999938964844,79.55999755859375,79.95999908447266,391009
2024-01-03 00:00:00+00:00,75.91990661621094,78.31999969482422,80.4800033569336,77.9000015258789,80.0199966430664,714218
2024-01-04 00:00:00+00:00,75.33829498291016,77.72000122070312,79.08000183105469,77.72000122070312,78.55999755859375,470174
2024-01-05 00:00:00+00:00,74.34954833984375,76.69999694824219,77.77999877929688,75.94000244140625,77.5999984741211,671745
2024-01-08 00:00:00+00:00,74.6209716796875,76.9800033569336,77.08000183105469,76.27999877929688,76.80000305175781,295027
2024-01-09 00:00:00+00:00,75.12503814697266,77.5,78.05999755859375,76.69999694824219,77.45999908447266,449830
2024-01-10 00:00:00+00:00,74.95055389404297,77.31999969482422,78.5999984741211,77.13999938964844,77.30000305175781,414280
2024-01-11 00:00:00+00:00,74.96993255615234,77.33999633789062,78.58000183105469,76.9800033569336,78.0199966430664,564955
2024-01-12 00:00:00+00:00,73.18632507324219,75.5,77.4800033569336,74.80000305175781,77.31999969482422,950847
2024-01-15 00:00:00+00:00,71.28639221191406,73.54000091552734,75.73999786376953,72.45999908447266,75.69999694824219,819164
2024-01-16 00:00:00+00:00,71.46087646484375,73.72000122070312,73.81999969482422,72.44000244140625,72.91999816894531,684416
2024-01-17 00:00:00+00:00,72.25574493408203,74.54000091552734,74.87999725341797,72.5999984741211,72.73999786376953,738325
2024-01-18 00:00:00+00:00,72.27513122558594,74.55999755859375,75.23999786376953,74.4800033569336,74.9000015258789,610555
2024-01-19 00:00:00+00:00,71.51903533935547,73.77999877929688,75.23999786376953,73.62000274658203,75.19999694824219,662149
2024-01-22 00:00:00+00:00,70.37519073486328,72.5999984741211,74.36000061035156,72.12000274658203,74.0,636653
2024-01-23 00:00:00+00:00,72.13941955566406,74.41999816894531,75.0999984741211,72.58000183105469,72.9000015258789,530249
2024-01-24 00:00:00+00:00,73.0312271118164,75.33999633789062,76.13999938964844,75.0999984741211,75.77999877929688,466118
2024-01-25 00:00:00+00:00,71.71290588378906,73.9800033569336,75.23999786376953,73.4800033569336,75.19999694824219,398656
2024-01-26 00:00:00+00:00,74.13629913330078,76.4800033569336,77.4800033569336,73.87999725341797,73.87999725341797,721113
2024-01-29 00:00:00+00:00,74.38832092285156,76.73999786376953,76.73999786376953,75.69999694824219,76.4000015258789,337010
2024-01-30 00:00:00+00:00,75.33829498291016,77.72000122070312,77.95999908447266,76.30000305175781,77.86000061035156,498935
2024-01-31 00:00:00+00:00,76.69539642333984,79.12000274658203,79.58000183105469,77.68000030517578,78.0,531119
2024-02-01 00:00:00+00:00,76.28826141357422,78.69999694824219,79.76000213623047,78.68000030517578,78.9000015258789,529598
2024-02-02 00:00:00+00:00,79.48713684082031,82.0,83.73999786376953,79.68000030517578,79.73999786376953,1447927
2024-02-05 00:00:00+00:00,80.01058959960938,82.54000091552734,84.13999938964844,81.83999633789062,82.69999694824219,938004
2024-02-06 00:00:00+00:00,78.73104095458984,81.22000122070312,82.94000244140625,80.72000122070312,82.76000213623047,524184
2024-02-07 00:00:00+00:00,78.65348815917969,81.13999938964844,83.0,80.91999816894531,81.12000274658203,509581
2024-02-08 00:00:00+00:00,79.15755462646484,81.66000366210938,82.23999786376953,80.86000061035156,81.66000366210938,422598
2024-02-09 00:00:00+00:00,77.78106689453125,80.23999786376953,82.0,80.23999786376953,82.0,525780
2024-02-12 00:00:00+00:00,78.51777648925781,81.0,81.58000183105469,80.36000061035156,80.9800033569336,558560
2024-02-13 00:00:00+00:00,78.16880798339844,80.63999938964844,81.73999786376953,80.0999984741211,80.62000274658203,409980
2024-02-14 00:00:00+00:00,77.27700805664062,79.72000122070312,80.31999969482422,79.0999984741211,80.0199966430664,338846
2024-02-15 00:00:00+00:00,76.77293395996094,79.19999694824219,80.22000122070312,78.69999694824219,80.18000030517578,403033
2024-02-16 00:00:00+00:00,78.14942932128906,80.62000274658203,81.18000030517578,79.13999938964844,79.55999755859375,448676
2024-02-19 00:00:00+00:00,77.19945526123047,79.63999938964844,80.30000305175781,79.27999877929688,80.16000366210938,269118
2024-02-20 00:00:00+00:00,76.6566162109375,79.08000183105469,79.77999877929688,78.16000366210938,79.36000061035156,429484
2024-02-21 00:00:00+00:00,78.38207244873047,80.86000061035156,81.0199966430664,79.4000015258789,79.54000091552734,497068
2024-02-22 00:00:00+00:00,78.67288208007812,81.16000366210938,82.77999877929688,80.76000213623047,81.5,676569
2024-02-23 00:00:00+00:00,80.12691497802734,82.66000366210938,82.95999908447266,81.4000015258789,81.9000015258789,618363
2024-02-26 00:00:00+00:00,79.97180938720703,82.5,82.86000061035156,81.77999877929688,82.63999938964844,314732
2024-02-27 00:00:00+00:00,81.56155395507812,84.13999938964844,84.44000244140625,82.05999755859375,82.4800033569336,610436
2024-02-28 00:00:00+00:00,82.51152801513672,85.12000274658203,85.5199966430664,84.0999984741211,84.26000213623047,657826
2024-02-29 00:00:00+00:00,83.69412994384766,86.33999633789062,87.37999725341797,85.08000183105469,85.31999969482422,922768
2024-03-01 00:00:00+00:00,83.81045532226562,86.45999908447266,88.26000213623047,84.76000213623047,87.36000061035156,775244
2024-03-04 00:00:00+00:00,81.19319915771484,83.76000213623047,86.23999786376953,83.26000213623047,86.22000122070312,560794
2024-03-05 00:00:00+00:00,81.1350326538086,83.69999694824219,83.9800033569336,81.73999786376953,83.5,412234
2024-03-06 00:00:00+00:00,81.01871490478516,83.58000183105469,84.44000244140625,83.13999938964844,84.16000366210938,423021
2024-03-07 00:00:00+00:00,80.37893676757812,82.91999816894531,83.62000274658203,82.08000183105469,82.81999969482422,412274
2024-03-08 00:00:00+00:00,79.60346221923828,82.12000274658203,83.16000366210938,81.72000122070312,82.9800033569336,328748
2024-03-11 00:00:00+00:00,78.09126281738281,80.55999755859375,82.16000366210938,80.55999755859375,82.04000091552734,733958
2024-03-12 00:00:00+00:00,87.04811096191406,89.80000305175781,90.69999694824219,78.0,78.0199966430664,1942569
2024-03-13 00:00:00+00:00,83.28700256347656,85.91999816894531,90.12000274658203,85.5999984741211,88.23999786376953,1089346
2024-03-14 00:00:00+00:00,84.87674713134766,87.55999755859375,88.87999725341797,85.94000244140625,86.0,904871
2024-03-15 00:00:00+00:00,85.65223693847656,88.36000061035156,89.05999755859375,87.0999984741211,87.62000274658203,895293
2024-03-18 00:00:00+00:00,89.02558898925781,91.83999633789062,91.94000244140625,88.69999694824219,88.69999694824219,896916
2024-03-19 00:00:00+00:00,90.32452392578125,93.18000030517578,93.54000091552734,90.87999725341797,91.86000061035156,664495
2024-03-20 00:00:00+00:00,90.63471984863281,93.5,93.62000274658203,91.86000061035156,93.0,574114
2024-03-21 00:00:00+00:00,90.55716705322266,93.41999816894531,95.36000061035156,93.19999694824219,94.0999984741211,493523
2024-03-22 00:00:00+00:00,90.65410614013672,93.5199966430664,94.0999984741211,92.58000183105469,93.13999938964844,399010
2024-03-25 00:00:00+00:00,89.06436157226562,91.87999725341797,94.04000091552734,91.5,93.37999725341797,367368
2024-03-26 00:00:00+00:00,90.0337142944336,92.87999725341797,93.30000305175781,91.81999969482422,92.69999694824219,479735
2024-03-27 00:00:00+00:00,90.71227264404297,93.58000183105469,94.72000122070312,92.4800033569336,92.94000244140625,460990
2024-03-28 00:00:00+00:00,89.45210266113281,92.27999877929688,94.41999816894531,92.26000213623047,93.9800033569336,437623
2024-04-02 00:00:00+00:00,89.33578491210938,92.16000366210938,93.31999969482422,91.69999694824219,92.63999938964844,533852
2024-04-03 00:00:00+00:00,91.0224609375,93.9000015258789,94.23999786376953,91.41999816894531,91.91999816894531,430576
2024-04-04 00:00:00+00:00,91.93365478515625,94.83999633789062,96.55999755859375,93.62000274658203,93.76000213623047,477590
2024-04-05 00:00:00+00:00,90.24697875976562,93.0999984741211,93.91999816894531,92.31999969482422,93.91999816894531,420128
2024-04-08 00:00:00+00:00,91.0224609375,93.9000015258789,94.27999877929688,92.80000305175781,93.0999984741211,247029
2024-04-09 00:00:00+00:00,91.39081573486328,94.27999877929688,94.77999877929688,93.19999694824219,93.87999725341797,329061
2024-04-10 00:00:00+00:00,92.03059387207031,94.94000244140625,96.27999877929688,94.63999938964844,94.9800033569336,536526
2024-04-11 00:00:00+00:00,92.32139587402344,95.23999786376953,96.0,92.0999984741211,94.87999725341797,724073
2024-04-12 00:00:00+00:00,89.99494171142578,92.83999633789062,96.19999694824219,92.44000244140625,95.76000213623047,410108
2024-04-15 00:00:00+00:00,90.28575134277344,93.13999938964844,94.69999694824219,92.73999786376953,93.0,384044
2024-04-16 00:00:00+00:00,87.49401092529297,90.26000213623047,92.0,89.31999969482422,91.0,588040
2024-04-17 00:00:00+00:00,87.1644287109375,89.91999816894531,91.27999877929688,89.9000015258789,90.0,375717
2024-04-18 00:00:00+00:00,87.33891296386719,90.0999984741211,90.44000244140625,89.12000274658203,90.22000122070312,320266
2024-04-19 00:00:00+00:00,87.1644287109375,89.91999816894531,90.5,87.66000366210938,88.19999694824219,384848
2024-04-22 00:00:00+00:00,86.7379150390625,89.4800033569336,90.69999694824219,88.83999633789062,90.4000015258789,211388
2024-04-23 00:00:00+00:00,88.230712890625,91.0199966430664,91.4000015258789,89.55999755859375,89.91999816894531,472265
2024-04-24 00:00:00+00:00,88.57968139648438,91.37999725341797,92.73999786376953,90.37999725341797,90.77999877929688,470943
2024-04-25 00:00:00+00:00,86.69914245605469,89.44000244140625,91.26000213623047,88.83999633789062,91.18000030517578,443728
2024-04-26 00:00:00+00:00,87.04811096191406,89.80000305175781,91.0999984741211,88.76000213623047,90.0999984741211,762663
2024-04-29 00:00:00+00:00,84.60533142089844,87.27999877929688,89.45999908447266,85.69999694824219,88.44000244140625,1132820
2024-04-30 00:00:00+00:00,81.1350326538086,83.69999694824219,87.16000366210938,83.69999694824219,87.16000366210938,818181
2024-05-02 00:00:00+00:00,80.84423065185547,83.4000015258789,84.73999786376953,83.18000030517578,83.94000244140625,544362
2024-05-03 00:00:00+00:00,81.15442657470703,83.72000122070312,84.95999908447266,83.63999938964844,84.0,322089
2024-05-06 00:00:00+00:00,81.7166519165039,84.30000305175781,84.69999694824219,83.63999938964844,84.33999633789062,498469
2024-05-07 00:00:00+00:00,82.41458129882812,85.0199966430664,85.44000244140625,84.30000305175781,84.80000305175781,311761
2024-05-08 00:00:00+00:00,79.0993881225586,81.5999984741211,84.83999633789062,81.16000366210938,84.80000305175781,786496
2024-05-09 00:00:00+00:00,78.76981353759766,81.26000213623047,82.0,81.05999755859375,81.54000091552734,396761
2024-05-10 00:00:00+00:00,79.04122924804688,81.54000091552734,82.0,80.81999969482422,81.5999984741211,434617
2024-05-13 00:00:00+00:00,81.42584228515625,84.0,84.13999938964844,81.66000366210938,82.0,577557
2024-05-14 00:00:00+00:00,82.82171630859375,85.44000244140625,85.9000015258789,83.69999694824219,84.27999877929688,477722
2024-05-15 00:00:00+00:00,81.5033950805664,84.08000183105469,86.16000366210938,84.08000183105469,86.0,372046
2024-05-16 00:00:00+00:00,80.92178344726562,83.4800033569336,84.0999984741211,82.77999877929688,83.54000091552734,397992
2024-05-17 00:00:00+00:00,79.8748779296875,82.4000015258789,84.04000091552734,82.04000091552734,83.5,493824
2024-05-20 00:00:00+00:00,78.36267852783203,80.83999633789062,82.18000030517578,80.45999908447266,81.44000244140625,469607
2024-05-21 00:00:00+00:00,77.14129638671875,79.58000183105469,80.80000305175781,79.33999633789062,80.66000366210938,629399
2024-05-22 00:00:00+00:00,74.36894226074219,76.72000122070312,78.55999755859375,75.81999969482422,78.23999786376953,1826149
2024-05-23 00:00:00+00:00,73.30265045166016,75.62000274658203,77.33999633789062,75.62000274658203,76.95999908447266,745756
2024-05-24 00:00:00+00:00,73.2057113647461,75.5199966430664,75.91999816894531,75.0,75.12000274658203,503365
2024-05-27 00:00:00+00:00,73.51589965820312,75.83999633789062,76.23999786376953,75.30000305175781,75.9000015258789,431386
2024-05-28 00:00:00+00:00,73.10877227783203,75.41999816894531,76.30000305175781,75.41999816894531,76.0999984741211,688565
2024-05-29 00:00:00+00:00,71.1700668334961,73.41999816894531,75.4000015258789,73.04000091552734,75.30000305175781,1130524
2024-05-30 00:00:00+00:00,72.75980377197266,75.05999755859375,75.54000091552734,73.4800033569336,73.58000183105469,661671
2024-05-31 00:00:00+00:00,73.57406616210938,75.9000015258789,76.23999786376953,74.94000244140625,75.5,1163066
2024-06-03 00:00:00+00:00,74.75668334960938,77.12000274658203,78.19999694824219,76.5199966430664,77.0999984741211,600899
2024-06-04 00:00:00+00:00,73.98119354248047,76.31999969482422,77.55999755859375,76.22000122070312,77.45999908447266,534785
2024-06-05 00:00:00+00:00,73.4189682006836,75.73999786376953,77.26000213623047,75.72000122070312,76.9800033569336,514084
2024-06-06 00:00:00+00:00,73.49652099609375,75.81999969482422,76.76000213623047,75.41999816894531,76.37999725341797,552197
2024-06-07 00:00:00+00:00,73.06999969482422,75.37999725341797,76.5999984741211,74.80000305175781,75.95999908447266,528910
2024-06-10 00:00:00+00:00,73.5999984741211,73.5999984741211,73.69999694824219,72.19999694824219,73.26000213623047,914335
2024-06-11 00:00:00+00:00,73.68000030517578,73.68000030517578,73.83999633789062,72.91999816894531,73.69999694824219,566150
2024-06-12 00:00:00+00:00,72.36000061035156,72.36000061035156,73.5,70.69999694824219,73.13999938964844,1069706
2024-06-13 00:00:00+00:00,70.36000061035156,70.36000061035156,72.22000122070312,69.0,72.13999938964844,1250983
2024-06-14 00:00:00+00:00,70.62000274658203,70.62000274658203,70.83999633789062,69.19999694824219,70.5,836344
2024-06-17 00:00:00+00:00,70.04000091552734,70.04000091552734,71.44000244140625,69.66000366210938,71.19999694824219,561493
2024-06-18 00:00:00+00:00,70.04000091552734,70.04000091552734,70.04000091552734,70.04000091552734,70.04000091552734,0
2024-06-19 00:00:00+00:00,68.45999908447266,68.45999908447266,69.44000244140625,67.87999725341797,69.27999877929688,825703
2024-06-20 00:00:00+00:00,69.27999877929688,69.27999877929688,69.54000091552734,68.45999908447266,68.83999633789062,546677
2024-06-21 00:00:00+00:00,69.26000213623047,69.26000213623047,69.80000305175781,68.73999786376953,69.76000213623047,949791
2024-06-24 00:00:00+00:00,70.36000061035156,70.36000061035156,72.36000061035156,70.12000274658203,70.12000274658203,1243930
2024-06-25 00:00:00+00:00,71.12000274658203,71.12000274658203,71.63999938964844,70.31999969482422,70.4000015258789,513693
2024-06-26 00:00:00+00:00,71.12000274658203,71.12000274658203,71.12000274658203,71.12000274658203,71.12000274658203,0
2024-06-27 00:00:00+00:00,71.12000274658203,71.12000274658203,71.12000274658203,71.12000274658203,71.12000274658203,0
2024-06-28 00:00:00+00:00,69.5199966430664,69.5199966430664,70.58000183105469,69.5199966430664,70.22000122070312,494740
2024-07-01 00:00:00+00:00,69.36000061035156,69.36000061035156,71.05999755859375,69.23999786376953,71.0199966430664,497157
2024-07-02 00:00:00+00:00,68.13999938964844,68.13999938964844,69.23999786376953,65.66000366210938,69.19999694824219,1392920
2024-07-03 00:00:00+00:00,68.95999908447266,68.95999908447266,70.33999633789062,68.4000015258789,68.4800033569336,713410
2024-07-04 00:00:00+00:00,69.80000305175781,69.80000305175781,70.45999908447266,68.73999786376953,69.41999816894531,616092
2024-07-05 00:00:00+00:00,71.16000366210938,71.16000366210938,72.0199966430664,69.77999877929688,69.95999908447266,738394
2024-07-08 00:00:00+00:00,72.27999877929688,72.27999877929688,72.86000061035156,71.0,71.0,499194
2024-07-09 00:00:00+00:00,72.58000183105469,72.58000183105469,72.58000183105469,71.23999786376953,71.9000015258789,449257
2024-07-10 00:00:00+00:00,75.23999786376953,75.23999786376953,76.0199966430664,73.0199966430664,73.0199966430664,1403973
2024-07-11 00:00:00+00:00,75.04000091552734,75.04000091552734,76.13999938964844,73.80000305175781,75.86000061035156,533111
2024-07-12 00:00:00+00:00,75.55999755859375,75.55999755859375,75.55999755859375,74.55999755859375,75.12000274658203,357752
2024-07-15 00:00:00+00:00,75.30000305175781,75.30000305175781,75.95999908447266,74.55999755859375,74.86000061035156,654043
2024-07-16 00:00:00+00:00,71.76000213623047,71.76000213623047,74.83999633789062,71.0,74.83999633789062,1099739
2024-07-17 00:00:00+00:00,72.08000183105469,72.08000183105469,72.5199966430664,70.77999877929688,71.5,379903
2024-07-18 00:00:00+00:00,73.44000244140625,73.44000244140625,74.62000274658203,72.26000213623047,72.5,610916
2024-07-19 00:00:00+00:00,71.5999984741211,71.5999984741211,72.80000305175781,71.27999877929688,72.80000305175781,603197
2024-07-22 00:00:00+00:00,72.63999938964844,72.63999938964844,73.4000015258789,71.68000030517578,72.0,494047
2024-07-23 00:00:00+00:00,68.94000244140625,68.94000244140625,70.08000183105469,67.08000183105469,69.0,1790950
2024-07-24 00:00:00+00:00,68.80000305175781,68.80000305175781,70.9800033569336,68.19999694824219,69.30000305175781,1010647
2024-07-25 00:00:00+00:00,69.0,69.0,69.5199966430664,67.18000030517578,67.69999694824219,867058
2024-07-26 00:00:00+00:00,69.86000061035156,69.86000061035156,70.80000305175781,68.9000015258789,69.0,535874
2024-07-29 00:00:00+00:00,69.5199966430664,69.5199966430664,70.91999816894531,69.37999725341797,70.33999633789062,367122
2024-07-30 00:00:00+00:00,69.44000244140625,69.44000244140625,70.0999984741211,69.16000366210938,69.87999725341797,239979
2024-07-31 00:00:00+00:00,69.76000213623047,69.76000213623047,70.0,69.13999938964844,70.0,292196
2024-08-01 00:00:00+00:00,68.86000061035156,68.86000061035156,70.55999755859375,68.37999725341797,69.80000305175781,531896
2024-08-02 00:00:00+00:00,68.63999938964844,68.63999938964844,69.0199966430664,67.94000244140625,68.94000244140625,391601
2024-08-05 00:00:00+00:00,67.68000030517578,67.68000030517578,67.68000030517578,65.5199966430664,67.26000213623047,820188
2024-08-06 00:00:00+00:00,66.5199966430664,66.5199966430664,68.4000015258789,65.9800033569336,68.08000183105469,613510
2024-08-07 00:00:00+00:00,67.30000305175781,67.30000305175781,67.87999725341797,66.5199966430664,66.83999633789062,467103
2024-08-08 00:00:00+00:00,66.5999984741211,66.5999984741211,66.9800033569336,66.08000183105469,66.91999816894531,419625
2024-08-09 00:00:00+00:00,66.31999969482422,66.31999969482422,67.04000091552734,65.9800033569336,66.69999694824219,447029
2024-08-12 00:00:00+00:00,66.31999969482422,66.31999969482422,66.31999969482422,66.31999969482422,66.31999969482422,0
2024-08-13 00:00:00+00:00,65.63999938964844,65.63999938964844,66.0199966430664,65.12000274658203,65.95999908447266,341203
2024-08-14 00:00:00+00:00,66.45999908447266,66.45999908447266,66.69999694824219,65.73999786376953,66.0999984741211,368071
2024-08-15 00:00:00+00:00,67.33999633789062,67.33999633789062,67.83999633789062,66.5199966430664,66.77999877929688,544041
2024-08-16 00:00:00+00:00,67.76000213623047,67.76000213623047,68.04000091552734,67.19999694824219,67.68000030517578,413951
2024-08-19 00:00:00+00:00,68.91999816894531,68.91999816894531,69.26000213623047,67.81999969482422,67.9000015258789,504364
2024-08-20 00:00:00+00:00,69.04000091552734,69.04000091552734,69.4000015258789,68.9000015258789,69.16000366210938,368077
2024-08-21 00:00:00+00:00,70.63999938964844,70.63999938964844,70.80000305175781,69.0,69.0,411611
2024-08-22 00:00:00+00:00,70.33999633789062,70.33999633789062,70.9800033569336,70.05999755859375,70.63999938964844,305046
2024-08-23 00:00:00+00:00,69.81999969482422,69.81999969482422,70.69999694824219,69.81999969482422,70.5,306004
2024-08-26 00:00:00+00:00,69.66000366210938,69.66000366210938,70.19999694824219,69.26000213623047,69.76000213623047,243145
2024-08-27 00:00:00+00:00,69.86000061035156,69.86000061035156,70.62000274658203,69.69999694824219,69.86000061035156,236942
2024-08-28 00:00:00+00:00,69.66000366210938,69.66000366210938,70.18000030517578,69.5199966430664,69.9800033569336,316353
2024-08-29 00:00:00+00:00,70.5199966430664,70.5199966430664,71.08000183105469,69.5,69.5,361267
2024-08-30 00:00:00+00:00,70.83999633789062,70.83999633789062,71.23999786376953,70.13999938964844,70.45999908447266,603999
2024-09-02 00:00:00+00:00,69.80000305175781,69.80000305175781,71.12000274658203,69.68000030517578,71.05999755859375,328595
2024-09-03 00:00:00+00:00,67.55999755859375,67.55999755859375,69.95999908447266,67.4800033569336,69.73999786376953,423978
2024-09-04 00:00:00+00:00,66.72000122070312,66.72000122070312,67.08000183105469,65.9800033569336,66.5,480835
2024-09-05 00:00:00+00:00,67.16000366210938,67.16000366210938,67.72000122070312,66.23999786376953,66.30000305175781,404250
2024-09-06 00:00:00+00:00,66.31999969482422,66.31999969482422,67.72000122070312,66.19999694824219,67.12000274658203,467430
2024-09-09 00:00:00+00:00,66.36000061035156,66.36000061035156,66.55999755859375,65.69999694824219,66.41999816894531,306504
2024-09-10 00:00:00+00:00,65.22000122070312,65.22000122070312,67.5199966430664,64.31999969482422,66.0999984741211,991504
2024-09-11 00:00:00+00:00,66.77999877929688,66.77999877929688,67.12000274658203,65.16000366210938,65.4000015258789,436957
2024-09-12 00:00:00+00:00,65.72000122070312,65.72000122070312,67.73999786376953,65.0999984741211,67.68000030517578,736536
2024-09-13 00:00:00+00:00,65.72000122070312,65.72000122070312,65.72000122070312,65.72000122070312,65.72000122070312,0
2024-09-16 00:00:00+00:00,67.37999725341797,67.37999725341797,68.16000366210938,66.73999786376953,67.0999984741211,292016
2024-09-17 00:00:00+00:00,67.80000305175781,67.80000305175781,68.91999816894531,67.5,67.76000213623047,342144
2024-09-18 00:00:00+00:00,68.05999755859375,68.05999755859375,68.41999816894531,67.63999938964844,68.0,334519
2024-09-19 00:00:00+00:00,68.76000213623047,68.76000213623047,70.27999877929688,68.58000183105469,68.9800033569336,478172
2024-09-20 00:00:00+00:00,65.0,65.0,66.62000274658203,64.72000122070312,66.0,2036490
2024-09-23 00:00:00+00:00,66.58000183105469,66.58000183105469,66.72000122070312,63.68000030517578,65.0,782430
2024-09-24 00:00:00+00:00,68.0199966430664,68.0199966430664,69.22000122070312,67.80000305175781,68.0,950834
2024-09-25 00:00:00+00:00,68.13999938964844,68.13999938964844,69.04000091552734,67.44000244140625,67.76000213623047,381684
2024-09-26 00:00:00+00:00,71.5199966430664,71.5199966430664,72.4000015258789,69.58000183105469,69.77999877929688,1104607
2024-09-27 00:00:00+00:00,74.72000122070312,74.72000122070312,75.0,71.80000305175781,71.80000305175781,967411
2024-09-30 00:00:00+00:00,71.5,71.5,74.45999908447266,70.80000305175781,74.45999908447266,827102
2024-10-01 00:00:00+00:00,71.77999877929688,71.77999877929688,72.30000305175781,70.62000274658203,71.44000244140625,447580
2024-10-02 00:00:00+00:00,71.0,71.0,72.0999984741211,71.0,71.5999984741211,272773
2024-10-03 00:00:00+00:00,69.23999786376953,69.23999786376953,70.77999877929688,68.58000183105469,70.62000274658203,515755
2024-10-04 00:00:00+00:00,70.12000274658203,70.12000274658203,70.63999938964844,69.13999938964844,69.13999938964844,375172
2024-10-07 00:00:00+00:00,71.04000091552734,71.04000091552734,71.27999877929688,69.9000015258789,71.05999755859375,284337
2024-10-08 00:00:00+00:00,71.04000091552734,71.04000091552734,71.04000091552734,71.04000091552734,71.04000091552734,0
2024-10-09 00:00:00+00:00,69.54000091552734,69.54000091552734,69.83999633789062,68.0199966430664,68.13999938964844,485816
2024-10-10 00:00:00+00:00,69.37999725341797,69.37999725341797,69.5199966430664,68.69999694824219,69.33999633789062,346636
2024-10-11 00:00:00+00:00,70.9800033569336,70.9800033569336,71.0199966430664,68.9000015258789,69.36000061035156,540559
2024-10-14 00:00:00+00:00,69.54000091552734,69.54000091552734,71.30000305175781,68.69999694824219,71.16000366210938,580870
2024-10-15 00:00:00+00:00,68.23999786376953,68.23999786376953,69.72000122070312,67.80000305175781,69.4000015258789,574468
2024-10-16 00:00:00+00:00,67.33999633789062,67.33999633789062,67.87999725341797,66.87999725341797,67.5,472594
2024-10-17 00:00:00+00:00,66.62000274658203,66.62000274658203,67.9800033569336,66.54000091552734,67.30000305175781,414873
2024-10-18 00:00:00+00:00,67.31999969482422,67.31999969482422,69.19999694824219,67.0,67.0,690549
2024-10-21 00:00:00+00:00,67.5999984741211,67.5999984741211,68.26000213623047,66.86000061035156,67.30000305175781,314249
2024-10-22 00:00:00+00:00,67.08000183105469,67.08000183105469,68.13999938964844,66.72000122070312,67.23999786376953,348114
2024-10-23 00:00:00+00:00,67.0999984741211,67.0999984741211,68.80000305175781,66.76000213623047,68.26000213623047,648500
2024-10-24 00:00:00+00:00,69.16000366210938,69.16000366210938,70.30000305175781,67.36000061035156,67.36000061035156,1029830
2024-10-25 00:00:00+00:00,70.27999877929688,70.27999877929688,71.27999877929688,68.33999633789062,68.9800033569336,934684
2024-10-28 00:00:00+00:00,66.80000305175781,66.80000305175781,70.41999816894531,66.08000183105469,70.0,1663342
2024-10-29 00:00:00+00:00,66.4000015258789,66.4000015258789,67.9800033569336,66.36000061035156,66.5999984741211,736244
2024-10-30 00:00:00+00:00,65.19999694824219,65.19999694824219,66.22000122070312,65.08000183105469,66.0199966430664,652524
2024-10-31 00:00:00+00:00,64.63999938964844,64.63999938964844,65.58000183105469,64.19999694824219,64.5199966430664,552637
2024-11-01 00:00:00+00:00,65.0,65.0,65.4000015258789,64.55999755859375,64.5999984741211,389367
2024-11-04 00:00:00+00:00,66.16000366210938,66.16000366210938,67.45999908447266,65.0,65.0,900704
2024-11-05 00:00:00+00:00,66.05999755859375,66.05999755859375,66.5,65.04000091552734,66.41999816894531,397916
2024-11-06 00:00:00+00:00,62.79999923706055,62.79999923706055,63.63999938964844,60.81999969482422,62.5,2154102
2024-11-07 00:00:00+00:00,65.4000015258789,65.4000015258789,66.0999984741211,62.91999816894531,62.91999816894531,1218003
2024-11-08 00:00:00+00:00,64.5999984741211,64.5999984741211,65.27999877929688,63.900001525878906,65.22000122070312,643862
2024-11-11 00:00:00+00:00,64.33999633789062,64.33999633789062,65.30000305175781,63.18000030517578,65.19999694824219,778606
2024-11-12 00:00:00+00:00,63.400001525878906,63.400001525878906,65.08000183105469,63.2400016784668,63.560001373291016,572587
2024-11-13 00:00:00+00:00,62.540000915527344,62.540000915527344,63.31999969482422,61.81999969482422,62.86000061035156,587538
2024-11-14 00:00:00+00:00,63.20000076293945,63.20000076293945,63.2599983215332,61.599998474121094,62.2400016784668,519819
2024-11-15 00:00:00+00:00,63.20000076293945,63.20000076293945,63.20000076293945,63.20000076293945,63.20000076293945,0
2024-11-18 00:00:00+00:00,63.20000076293945,63.20000076293945,63.20000076293945,63.20000076293945,63.20000076293945,0
2024-11-19 00:00:00+00:00,61.099998474121094,61.099998474121094,62.439998626708984,60.47999954223633,62.13999938964844,795858
2024-11-20 00:00:00+00:00,59.02000045776367,59.02000045776367,61.2400016784668,58.81999969482422,61.13999938964844,945704
